Date,Timestamp,Open,High,Low,Close,Volume
2020-09-14,00:00:00,1.18404,1.1888,1.18319,1.18643,888023.24330648
2020-09-15,00:00:00,1.18648,1.19005,1.18395,1.18462,889556.008832291
2020-09-16,00:00:00,1.18465,1.18825,1.17876,1.18155,999318.674137175
2020-09-17,00:00:00,1.18156,1.18524,1.17373,1.18477,1396941.41540174
2020-09-18,00:00:00,1.18476,1.18705,1.1826,1.18385,1098599.23300553
2020-09-21,00:00:00,1.18369,1.18717,1.17317,1.17707,1326884.44261262
2020-09-22,00:00:00,1.17707,1.17735,1.16916,1.17077,1025213.64729235
2020-09-23,00:00:00,1.17074,1.17188,1.16513,1.16595,1081733.57101856
2020-09-24,00:00:00,1.1659,1.16869,1.16265,1.16708,1085492.73429121
2020-09-25,00:00:00,1.16706,1.1685,1.16121,1.16277,993353.684841374
2020-09-28,00:00:00,1.16271,1.16799,1.1615,1.1665,1022732.44472693
2020-09-29,00:00:00,1.1665,1.17455,1.16614,1.17426,980638.707626693
2020-09-30,00:00:00,1.1743,1.17548,1.16847,1.1721,1341208.06848842
2020-10-01,00:00:00,1.1721,1.17696,1.17171,1.1746,1321574.37351908
2020-10-02,00:00:00,1.17489,1.17489,1.16956,1.17157,1400393.58635166
2020-10-05,00:00:00,1.1711,1.17975,1.17053,1.17825,1043070.41456527
2020-10-06,00:00:00,1.17825,1.18077,1.17317,1.17334,1202139.64851364
2020-10-07,00:00:00,1.17335,1.17818,1.17249,1.17604,1195938.12784315
2020-10-08,00:00:00,1.176,1.17816,1.17326,1.17582,1112217.70463163
2020-10-09,00:00:00,1.17587,1.1831,1.17568,1.18248,1054360.15755249
2020-10-12,00:00:00,1.18103,1.18266,1.17867,1.1812,959558.478428431
2020-10-13,00:00:00,1.1812,1.18155,1.17304,1.1744,1191270.31585732
2020-10-14,00:00:00,1.17452,1.1771,1.17199,1.17452,1146763.68487576
2020-10-15,00:00:00,1.17452,1.17578,1.16884,1.17073,1052065.1883
2020-10-16,00:00:00,1.17073,1.17462,1.16939,1.17132,952925.313935079
2020-10-19,00:00:00,1.17181,1.17936,1.17031,1.17695,682296.694125291
2020-10-20,00:00:00,1.17695,1.18407,1.17598,1.18211,799622.3125467
2020-10-21,00:00:00,1.18214,1.18807,1.18209,1.18598,949038.416637115
2020-10-22,00:00:00,1.18569,1.18668,1.18114,1.18177,932813.080341317
2020-10-23,00:00:00,1.18177,1.18648,1.17866,1.18572,904441.488237842
2020-10-25,00:00:00,1.18546,1.18568,1.18515,1.18558,963.167479582131
2020-10-26,00:00:00,1.18569,1.18605,1.18032,1.18091,839321.637102034
2020-10-27,00:00:00,1.1808,1.18387,1.17829,1.17871,792571.32489612
2020-10-28,00:00:00,1.17871,1.17879,1.17178,1.17455,1060494.77998358
2020-10-29,00:00:00,1.17451,1.17587,1.16501,1.16741,781323.539501026
2020-10-30,00:00:00,1.1674,1.17042,1.164,1.16431,916025.017607242
2020-11-02,00:00:00,1.16498,1.16557,1.16221,1.16404,825009.728425466
2020-11-03,00:00:00,1.16404,1.17397,1.16318,1.1715,652729.064393893
2020-11-04,00:00:00,1.1715,1.17704,1.16026,1.17244,1304116.27703997
2020-11-05,00:00:00,1.17251,1.18596,1.17107,1.18268,953757.504549026
2020-11-06,00:00:00,1.18268,1.18908,1.17952,1.187,512782.151014691
2020-11-09,00:00:00,1.18898,1.19199,1.17952,1.18127,698296.306710625
2020-11-10,00:00:00,1.18124,1.18432,1.17799,1.18127,628651.967740222
2020-11-11,00:00:00,1.18127,1.18327,1.17454,1.17771,427459.865341954
2020-11-12,00:00:00,1.17771,1.18231,1.17585,1.18041,452031.209230881
2020-11-13,00:00:00,1.18039,1.18374,1.17989,1.1831,383459.32156416
2020-11-16,00:00:00,1.18411,1.18689,1.18141,1.18516,392229.968995906
2020-11-17,00:00:00,1.18509,1.18937,1.18425,1.18612,337998.864839852
2020-11-18,00:00:00,1.18607,1.18908,1.18491,1.18526,358563.173468305
2020-11-19,00:00:00,1.18526,1.18825,1.18161,1.18745,412653.654111579
2020-11-20,00:00:00,1.18745,1.18908,1.18498,1.18544,393869.047483196
2020-11-23,00:00:00,1.18538,1.1906,1.17997,1.18399,373709.31546966
2020-11-24,00:00:00,1.18399,1.18961,1.18361,1.18905,453267.329622418
2020-11-25,00:00:00,1.18922,1.19297,1.18818,1.19157,438592.505532093
2020-11-26,00:00:00,1.19157,1.19409,1.18852,1.19127,309694.908281125
2020-11-27,00:00:00,1.19125,1.19641,1.19068,1.1962,297590.697024206
2020-11-30,00:00:00,1.19614,1.20032,1.19236,1.19256,426261.200021535
2020-12-01,00:00:00,1.1926,1.20765,1.19249,1.20692,332544.315106861
2020-12-02,00:00:00,1.20691,1.21183,1.20399,1.21132,354781.887388058
2020-12-03,00:00:00,1.21151,1.21746,1.2101,1.21454,370868.660143798
2020-12-04,00:00:00,1.21454,1.21773,1.21101,1.21202,424588.365889922
2020-12-07,00:00:00,1.21308,1.21662,1.20784,1.21091,406139.779264303
2020-12-08,00:00:00,1.21091,1.21339,1.20953,1.21022,341450.033056617
2020-12-09,00:00:00,1.21022,1.21475,1.20587,1.20799,241128.236109819
2020-12-10,00:00:00,1.20779,1.21588,1.20748,1.21398,236319.6032774
2020-12-11,00:00:00,1.2136,1.21629,1.21053,1.21086,195119.534318298
2020-12-14,00:00:00,1.21367,1.21767,1.21155,1.21432,163952.772275213
2020-12-15,00:00:00,1.21432,1.21689,1.2121,1.21505,143355.21805694
2020-12-16,00:00:00,1.21489,1.22121,1.2125,1.21985,172883.590427078
2020-12-17,00:00:00,1.21983,1.22726,1.21898,1.22656,168635.110463536
2020-12-18,00:00:00,1.22676,1.22718,1.22255,1.22559,162035.466627538
2020-12-21,00:00:00,1.2221,1.22529,1.21296,1.22432,234164.970619455
2020-12-22,00:00:00,1.22432,1.2257,1.2152,1.2161,204277.311552932
2020-12-23,00:00:00,1.2161,1.2221,1.21538,1.2185,187712.758021779
2020-12-24,00:00:00,1.21845,1.22156,1.21773,1.21844,149462.719199892
2020-12-25,00:00:00,1.21861,1.22031,1.21709,1.21922,5932.43999799341
2020-12-28,00:00:00,1.2186,1.22502,1.21811,1.2216,140335.287524955
2020-12-29,00:00:00,1.2216,1.2275,1.22073,1.22478,152064.867765822
2020-12-30,00:00:00,1.22455,1.23101,1.22453,1.22952,158740.055313103
2020-12-31,00:00:00,1.22955,1.23092,1.22091,1.22141,164452.633935087
2021-01-04,00:00:00,1.22396,1.23096,1.22296,1.22473,247868.262579593
2021-01-05,00:00:00,1.22463,1.23056,1.22432,1.22957,193572.13432103
2021-01-06,00:00:00,1.22946,1.23494,1.22655,1.23239,270515.94613352
2021-01-07,00:00:00,1.23247,1.23443,1.2245,1.2271,194294.23212409
2021-01-08,00:00:00,1.22713,1.22845,1.21929,1.22174,239793.115587264
2021-01-11,00:00:00,1.22175,1.22284,1.21321,1.21496,199048.21792202
2021-01-12,00:00:00,1.21497,1.22097,1.21371,1.22062,155317.596932538
2021-01-13,00:00:00,1.22064,1.22227,1.21399,1.21568,174070.862349009
2021-01-14,00:00:00,1.21568,1.21784,1.2111,1.2153,194068.261386756
2021-01-15,00:00:00,1.2153,1.21624,1.20747,1.20748,168388.538536694
2021-01-18,00:00:00,1.20838,1.20867,1.20535,1.20749,123648.0976776
2021-01-19,00:00:00,1.20748,1.21448,1.20739,1.21284,173570.845756315
2021-01-20,00:00:00,1.21281,1.21581,1.20767,1.21044,172088.668382995
2021-01-21,00:00:00,1.21044,1.2173,1.21032,1.2164,163963.533214137
2021-01-22,00:00:00,1.21564,1.21894,1.21515,1.21667,142147.33127983
2021-01-25,00:00:00,1.21688,1.21832,1.21158,1.21363,163322.505587118
2021-01-26,00:00:00,1.21363,1.21758,1.21076,1.21597,147933.094911071
2021-01-27,00:00:00,1.21598,1.21696,1.20585,1.21096,199305.84762536
2021-01-28,00:00:00,1.21083,1.21424,1.20807,1.21201,200758.530219339
2021-01-29,00:00:00,1.21199,1.2156,1.20944,1.21298,194330.700836591
2021-02-01,00:00:00,1.21297,1.21363,1.2056,1.20594,169316.560237654
2021-02-02,00:00:00,1.20594,1.20877,1.20115,1.20428,147600.08088991
2021-02-03,00:00:00,1.20423,1.205,1.2004,1.20351,120119.690683663
2021-02-04,00:00:00,1.20349,1.20427,1.19574,1.1962,121808.085557237
2021-02-05,00:00:00,1.19618,1.20498,1.19522,1.20481,125559.885193588
2021-02-08,00:00:00,1.20375,1.2066,1.20196,1.20482,117625.978495218
2021-02-09,00:00:00,1.20479,1.21218,1.20469,1.21172,133697.040826023
2021-02-10,00:00:00,1.21168,1.2144,1.21088,1.21172,130601.925716199
2021-02-11,00:00:00,1.21172,1.21494,1.21134,1.21303,88250.54930453
2021-02-12,00:00:00,1.21303,1.2135,1.20815,1.21177,83077.4304971639
2021-02-15,00:00:00,1.21244,1.21451,1.21167,1.21274,68552.6189082619
2021-02-16,00:00:00,1.21269,1.21693,1.20949,1.21053,118869.935568631
2021-02-17,00:00:00,1.21047,1.2109,1.20232,1.20372,131488.335784122
2021-02-18,00:00:00,1.20333,1.20945,1.2033,1.20908,118387.975428499
2021-02-19,00:00:00,1.20908,1.21444,1.20823,1.21167,120562.365616461
2021-02-22,00:00:00,1.21151,1.21693,1.20911,1.21551,136092.545671679
2021-02-23,00:00:00,1.21551,1.21801,1.21353,1.21493,123596.545570241
2021-02-24,00:00:00,1.21493,1.21745,1.21092,1.21664,160048.550791346
2021-02-25,00:00:00,1.2163,1.22433,1.21559,1.2174,232552.360950954
2021-02-26,00:00:00,1.21718,1.21841,1.20621,1.20704,311728.344180763
2021-03-01,00:00:00,1.20702,1.21011,1.20276,1.20488,158262.375322901
2021-03-02,00:00:00,1.20488,1.20943,1.19916,1.20898,163214.715285756
2021-03-03,00:00:00,1.20893,1.21132,1.20427,1.20627,181858.794227619
2021-03-04,00:00:00,1.20627,1.20666,1.19615,1.19692,214543.120358624
2021-03-05,00:00:00,1.19679,1.19777,1.18932,1.19128,247010.160125643
2021-03-08,00:00:00,1.19177,1.19321,1.18442,1.1846,188943.647584142
2021-03-09,00:00:00,1.1846,1.19156,1.18355,1.19001,167830.410360575
2021-03-10,00:00:00,1.19001,1.19296,1.18688,1.19284,154286.421027595
2021-03-11,00:00:00,1.19283,1.19899,1.19156,1.19844,153676.797284208
2021-03-12,00:00:00,1.19842,1.19884,1.19099,1.19476,154653.970393004
2021-03-14,00:00:00,1.19451,1.19511,1.19439,1.19489,2178.61998838186
2021-03-15,00:00:00,1.19483,1.19674,1.1911,1.19275,123475.705291335
2021-03-16,00:00:00,1.19278,1.19518,1.18819,1.19008,128666.051774986
2021-03-17,00:00:00,1.19011,1.19855,1.18861,1.198,134649.325095765
2021-03-18,00:00:00,1.198,1.19888,1.19061,1.19135,180556.767924219
2021-03-19,00:00:00,1.19135,1.19371,1.18738,1.19031,137833.180265494
2021-03-21,00:00:00,1.18712,1.18822,1.18708,1.18797,1358.33352480456
2021-03-22,00:00:00,1.18804,1.19468,1.18744,1.19348,117508.826854937
2021-03-23,00:00:00,1.19348,1.19407,1.18421,1.18505,121924.272474628
2021-03-24,00:00:00,1.18501,1.18517,1.18095,1.18126,127828.630237512
2021-03-25,00:00:00,1.18127,1.18277,1.17617,1.17679,137021.991414275
2021-03-26,00:00:00,1.17686,1.18049,1.17679,1.17918,97005.5058984086
2021-03-29,00:00:00,1.17917,1.17939,1.17606,1.17642,108739.675228477
2021-03-30,00:00:00,1.1764,1.17737,1.17112,1.17169,101747.155369617
2021-03-31,00:00:00,1.17168,1.17598,1.1704,1.17298,108027.72038012
2021-04-01,00:00:00,1.17298,1.17799,1.17125,1.17759,100966.914472491
2021-04-02,00:00:00,1.17759,1.17866,1.1749,1.17603,73526.584313903
2021-04-05,00:00:00,1.17544,1.18194,1.17379,1.18125,64177.8449345306
2021-04-06,00:00:00,1.18125,1.18776,1.17951,1.1874,92381.3508015499
2021-04-07,00:00:00,1.1874,1.19147,1.18608,1.18657,93691.9700914174
2021-04-08,00:00:00,1.18657,1.19274,1.18609,1.19124,88048.4288754314
2021-04-09,00:00:00,1.19121,1.19201,1.18669,1.18977,86552.7176815122
2021-04-12,00:00:00,1.18903,1.1919,1.1871,1.19099,80081.1499992032
2021-04-13,00:00:00,1.19098,1.19557,1.18776,1.19474,99299.5602278262
2021-04-14,00:00:00,1.19473,1.19872,1.1947,1.19784,94252.0551223159
2021-04-15,00:00:00,1.19781,1.19932,1.1956,1.19655,88577.8950399384
2021-04-16,00:00:00,1.1963,1.19946,1.19503,1.19805,78344.8602107838
2021-04-19,00:00:00,1.19722,1.2048,1.19424,1.20367,97787.9460365549
2021-04-20,00:00:00,1.20363,1.20797,1.20224,1.20342,98215.7181581482
2021-04-21,00:00:00,1.20337,1.20436,1.19985,1.20343,86370.6700351834
2021-04-22,00:00:00,1.20344,1.20694,1.19936,1.20139,106466.230144247
2021-04-23,00:00:00,1.20138,1.20999,1.20127,1.20938,82121.8698625788
2021-04-26,00:00:00,1.20913,1.21167,1.20608,1.20838,81695.9002418593
2021-04-27,00:00:00,1.20854,1.20926,1.20567,1.20891,81304.0959159285
2021-04-28,00:00:00,1.20891,1.21347,1.2056,1.21242,104781.330252483
2021-04-29,00:00:00,1.2124,1.21498,1.21021,1.21182,99413.8430014215
2021-04-30,00:00:00,1.21173,1.21265,1.20165,1.20169,100428.010078497
2021-05-03,00:00:00,1.20309,1.2076,1.2013,1.20627,81555.5542119741
2021-05-04,00:00:00,1.20627,1.20649,1.19989,1.20116,107621.535057656
2021-05-05,00:00:00,1.20106,1.20265,1.19859,1.20036,84306.5951262061
2021-05-06,00:00:00,1.20036,1.20716,1.19929,1.20645,94023.4192025736
2021-05-07,00:00:00,1.20647,1.21713,1.20527,1.21615,130680.092220798
2021-05-10,00:00:00,1.21601,1.21782,1.21276,1.21282,102255.845228791
2021-05-11,00:00:00,1.21281,1.21815,1.2123,1.21467,104144.935329035
2021-05-12,00:00:00,1.21467,1.2152,1.20655,1.20705,164116.545223102
2021-05-13,00:00:00,1.20724,1.2106,1.20514,1.20791,124405.885356233
2021-05-14,00:00:00,1.20787,1.21477,1.20708,1.2142,100391.494367894
2021-05-17,00:00:00,1.2145,1.21687,1.21259,1.21513,81143.86020796
2021-05-18,00:00:00,1.21514,1.22339,1.21489,1.22219,95882.0652536154
2021-05-19,00:00:00,1.22219,1.22451,1.21598,1.21744,121158.370271802
2021-05-20,00:00:00,1.21744,1.2229,1.21689,1.22268,91675.6442614514
2021-05-21,00:00:00,1.2227,1.22396,1.21607,1.21778,97878.350274086
2021-05-24,00:00:00,1.21778,1.22298,1.21722,1.22151,81771.0641357899
2021-05-25,00:00:00,1.22146,1.22664,1.22113,1.22497,96261.1351734772
2021-05-26,00:00:00,1.22481,1.22629,1.2182,1.21922,89787.1502377093
2021-05-27,00:00:00,1.21906,1.22149,1.21751,1.2193,88415.3802054971
2021-05-28,00:00:00,1.21932,1.22048,1.21325,1.21905,98112.8202056959
2021-05-31,00:00:00,1.2199,1.22312,1.21832,1.22243,58683.2751412094
2021-06-01,00:00:00,1.22243,1.22542,1.22116,1.22126,81562.209440425
2021-06-02,00:00:00,1.22125,1.22265,1.2164,1.221,77832.3652189672
2021-06-03,00:00:00,1.22097,1.22141,1.21181,1.21265,97226.5451504886
2021-06-04,00:00:00,1.21261,1.21856,1.21039,1.21644,94617.0351228267
2021-06-07,00:00:00,1.21601,1.22017,1.21448,1.21893,56558.2400323376
2021-06-08,00:00:00,1.21892,1.21941,1.21642,1.21726,77182.2521517575
2021-06-09,00:00:00,1.21725,1.22179,1.21711,1.21775,53462.343766816
2021-06-10,00:00:00,1.21774,1.21945,1.21433,1.21751,113452.98448734
2021-06-11,00:00:00,1.21751,1.21929,1.20925,1.21072,79121.1803135127
2021-06-14,00:00:00,1.21045,1.21305,1.20942,1.21195,56891.2602238953
2021-06-15,00:00:00,1.21191,1.21473,1.21013,1.21261,70505.8450890034
2021-06-16,00:00:00,1.21257,1.21347,1.19939,1.1994,118140.030045234
2021-06-17,00:00:00,1.1994,1.20062,1.18916,1.19059,137926.650210194
2021-06-18,00:00:00,1.19057,1.19249,1.18472,1.18592,141902.480034471
2021-06-21,00:00:00,1.18542,1.19213,1.18476,1.1917,114807.480071172
2021-06-22,00:00:00,1.19167,1.19526,1.18808,1.19407,91056.8951173723
2021-06-23,00:00:00,1.19363,1.197,1.19113,1.19255,90192.8502356261
2021-06-24,00:00:00,1.19255,1.19562,1.19176,1.19316,80934.1451387033
2021-06-25,00:00:00,1.19312,1.19751,1.19261,1.19347,76449.3001370355
2021-06-28,00:00:00,1.19296,1.19444,1.19022,1.1923,81234.6401716918
2021-06-29,00:00:00,1.19209,1.19295,1.18775,1.18953,88112.185137935
2021-06-30,00:00:00,1.18955,1.1909,1.1845,1.18558,99521.5650777444
2021-07-01,00:00:00,1.1856,1.18842,1.18373,1.18492,97887.8448843583
2021-07-02,00:00:00,1.18492,1.18741,1.1807,1.18622,96107.6650244817
2021-07-05,00:00:00,1.18598,1.18804,1.18513,1.1862,61653.2800055742
2021-07-06,00:00:00,1.1862,1.18951,1.18068,1.18234,97935.8150967509
2021-07-07,00:00:00,1.18231,1.18364,1.17815,1.179,97920.8400966078
2021-07-08,00:00:00,1.179,1.18678,1.17834,1.18441,136572.459948562
2021-07-09,00:00:00,1.18441,1.1881,1.18249,1.1871,99638.7550844625
2021-07-12,00:00:00,1.18751,1.18802,1.1836,1.18596,78221.8705298007
2021-07-13,00:00:00,1.18594,1.18751,1.17721,1.17758,91330.7801593468
2021-07-14,00:00:00,1.17756,1.18387,1.17717,1.18355,80432.2948897406
2021-07-15,00:00:00,1.1835,1.18506,1.17962,1.18118,78810.6202131212
2021-07-16,00:00:00,1.18119,1.18221,1.17921,1.18047,75426.9551675022
2021-07-19,00:00:00,1.18054,1.18244,1.17636,1.17967,103317.763833918
2021-07-20,00:00:00,1.17979,1.18024,1.17555,1.17801,105180.595973633
2021-07-21,00:00:00,1.17776,1.18046,1.17518,1.17939,77664.5101797804
2021-07-22,00:00:00,1.17892,1.18304,1.17572,1.17706,113584.225234978
2021-07-23,00:00:00,1.17706,1.17865,1.17544,1.17683,70993.0272852965
2021-07-26,00:00:00,1.17681,1.18172,1.17632,1.18026,73500.1446706206
2021-07-27,00:00:00,1.18027,1.18409,1.17698,1.18165,70716.7477054242
2021-07-28,00:00:00,1.1816,1.18494,1.17721,1.18432,94418.2750666067
2021-07-29,00:00:00,1.18432,1.18927,1.18406,1.1886,66404.0500933863
2021-07-30,00:00:00,1.18859,1.19085,1.18515,1.18667,80763.4806084856
2021-08-02,00:00:00,1.18641,1.18968,1.18587,1.18675,65193.0226510391
2021-08-03,00:00:00,1.18671,1.18932,1.18535,1.18632,61158.1651159823
2021-08-04,00:00:00,1.18632,1.18996,1.18326,1.18364,59572.9094370455
2021-08-05,00:00:00,1.18364,1.18572,1.1828,1.18321,52567.9751344472
2021-08-06,00:00:00,1.1832,1.18357,1.17543,1.17596,56752.0600964427
2021-08-09,00:00:00,1.1758,1.17689,1.17348,1.17359,51570.2301066741
2021-08-10,00:00:00,1.17359,1.17427,1.17095,1.17185,76856.6401578337
2021-08-11,00:00:00,1.17185,1.17541,1.17059,1.17381,58849.6601257771
2021-08-12,00:00:00,1.17381,1.17481,1.17236,1.17291,47023.9900008067
2021-08-13,00:00:00,1.17287,1.18045,1.17283,1.17933,45321.5000978932
2021-08-16,00:00:00,1.17934,1.18007,1.17672,1.17764,44291.9901007488
2021-08-17,00:00:00,1.17763,1.17846,1.17079,1.17086,58819.2899856269
2021-08-18,00:00:00,1.17088,1.17427,1.16936,1.17089,59729.4299959093
2021-08-19,00:00:00,1.17088,1.17166,1.16656,1.16753,64180.0201231986
2021-08-20,00:00:00,1.16753,1.17044,1.16638,1.16951,51564.8750092685
2021-08-23,00:00:00,1.16935,1.17501,1.16925,1.17439,57461.8300807253
2021-08-24,00:00:00,1.17439,1.1765,1.17272,1.17541,47464.1700536162
2021-08-25,00:00:00,1.17541,1.17745,1.1726,1.17711,58417.7550602257
2021-08-26,00:00:00,1.1771,1.17789,1.17458,1.17513,65088.210020259
2021-08-27,00:00:00,1.17515,1.18022,1.17348,1.1791,93344.5381979644
2021-08-30,00:00:00,1.17937,1.18097,1.17827,1.17964,54170.020119518
2021-08-31,00:00:00,1.17963,1.1845,1.17936,1.18079,66223.8601279482
2021-09-01,00:00:00,1.18082,1.18571,1.17935,1.1838,63610.2501910478
2021-09-02,00:00:00,1.18378,1.1876,1.18342,1.18744,50047.1951376572
2021-09-03,00:00:00,1.18743,1.1909,1.18655,1.18773,72552.520126529
2021-09-06,00:00:00,1.1876,1.18862,1.18557,1.18683,41377.5301073119
2021-09-07,00:00:00,1.18679,1.18851,1.18374,1.18399,66778.5926400572
2021-09-08,00:00:00,1.18358,1.18511,1.18019,1.1814,79097.18859642
2021-09-09,00:00:00,1.18139,1.18412,1.18051,1.18236,79552.6902115718
2021-09-10,00:00:00,1.18233,1.1851,1.18092,1.18101,67067.0651339144
2021-09-13,00:00:00,1.18111,1.18169,1.177,1.181,60555.2001129538
2021-09-14,00:00:00,1.18095,1.18458,1.18,1.18017,66751.0000978857
2021-09-15,00:00:00,1.18017,1.18318,1.17991,1.1816,71277.8185667265
2021-09-16,00:00:00,1.18157,1.18204,1.17504,1.17633,66676.4400597513
2021-09-17,00:00:00,1.17679,1.17888,1.17235,1.17239,71670.7775848545
2021-09-20,00:00:00,1.17288,1.17364,1.17001,1.17252,83124.3901013881
2021-09-21,00:00:00,1.17252,1.17486,1.17147,1.1724,71459.4351412505
2021-09-22,00:00:00,1.1724,1.17555,1.16843,1.16866,83732.6967970319
2021-09-23,00:00:00,1.16864,1.175,1.16834,1.17384,79637.7400434762
2021-09-24,00:00:00,1.17383,1.17476,1.17005,1.17181,58186.1100668311
2021-09-27,00:00:00,1.17253,1.17261,1.16846,1.16949,112945.810126878
2021-09-28,00:00:00,1.16944,1.17031,1.16682,1.16827,114537.89999719
2021-09-29,00:00:00,1.16828,1.169,1.15894,1.15968,109209.2901631
2021-09-30,00:00:00,1.15967,1.16096,1.15624,1.15752,101060.330212541
2021-10-01,00:00:00,1.15744,1.16072,1.15628,1.15923,90981.430198878
2021-10-04,00:00:00,1.15954,1.164,1.15876,1.16189,76445.9101438746
2021-10-05,00:00:00,1.16188,1.16218,1.15804,1.15966,71081.1551680341
2021-10-06,00:00:00,1.15963,1.16028,1.15291,1.15542,90993.4451114386
2021-10-07,00:00:00,1.15542,1.1572,1.15474,1.1553,57847.7451568246
2021-10-08,00:00:00,1.1553,1.15861,1.15413,1.15721,70206.5901958793
2021-10-11,00:00:00,1.15674,1.15867,1.15489,1.15513,53374.5200801268
2021-10-12,00:00:00,1.1551,1.15703,1.15242,1.15298,67222.9250851199
2021-10-13,00:00:00,1.15298,1.15972,1.15287,1.15939,76467.4802117944
2021-10-14,00:00:00,1.15907,1.16242,1.15839,1.15953,92693.0802433193
2021-10-15,00:00:00,1.15953,1.16185,1.15881,1.15983,94944.7002431452
2021-10-18,00:00:00,1.15903,1.16223,1.15717,1.16091,71256.2101605013
2021-10-19,00:00:00,1.16092,1.16693,1.16078,1.16312,60987.580150947
2021-10-20,00:00:00,1.16308,1.16586,1.16168,1.16485,63574.4851366878
2021-10-21,00:00:00,1.16482,1.16674,1.16194,1.16215,74175.1901181936
2021-10-22,00:00:00,1.16212,1.16556,1.16198,1.16395,108709.200012811
2021-10-25,00:00:00,1.16382,1.16649,1.15907,1.1608,74247.8300540522
2021-10-26,00:00:00,1.1608,1.16257,1.15848,1.15959,63656.4644540101
2021-10-27,00:00:00,1.15959,1.16259,1.15849,1.16027,80954.8226287961
2021-10-28,00:00:00,1.16027,1.16921,1.15821,1.16785,106111.800142221
2021-10-29,00:00:00,1.1678,1.16899,1.1535,1.15529,100815.635005884
2021-10-31,00:00:00,1.15576,1.15637,1.15562,1.15628,411.439999490976
2021-11-01,00:00:00,1.15625,1.1609,1.1546,1.16034,77403.2750295401
2021-11-02,00:00:00,1.16044,1.16133,1.15751,1.1579,70975.2576025873
2021-11-03,00:00:00,1.15789,1.16162,1.15622,1.16125,99208.8635057956
2021-11-04,00:00:00,1.16126,1.16164,1.15282,1.15539,85554.076191823
2021-11-05,00:00:00,1.15539,1.15731,1.15132,1.15631,92782.7919037603
2021-11-08,00:00:00,1.15566,1.15949,1.15503,1.15844,63665.2050906867
2021-11-09,00:00:00,1.15836,1.16087,1.15698,1.15927,67441.8351168111
2021-11-10,00:00:00,1.15912,1.15952,1.14759,1.14781,102527.610091329
2021-11-11,00:00:00,1.14778,1.14875,1.14428,1.14498,69002.9400769174
2021-11-12,00:00:00,1.14488,1.1462,1.14328,1.14413,71026.6251797006
2021-11-15,00:00:00,1.14473,1.14638,1.13562,1.1367,75323.730721578
2021-11-16,00:00:00,1.13665,1.13856,1.13089,1.13196,90386.5451709405
2021-11-17,00:00:00,1.13188,1.13321,1.12635,1.13189,85789.1801149324
2021-11-18,00:00:00,1.13181,1.1374,1.13137,1.1369,78177.4250558456
2021-11-19,00:00:00,1.1369,1.13725,1.12499,1.12794,118361.700603098
2021-11-22,00:00:00,1.12873,1.12907,1.12306,1.12356,97958.9111538492
2021-11-23,00:00:00,1.12356,1.1275,1.12259,1.12469,93819.8501295969
2021-11-24,00:00:00,1.12465,1.12552,1.11859,1.11962,101888.125019833
2021-11-25,00:00:00,1.11957,1.12296,1.11944,1.12065,50564.1616829755
2021-11-26,00:00:00,1.12064,1.13301,1.12057,1.13071,139284.930871041
2021-11-29,00:00:00,1.13004,1.13134,1.12583,1.12888,101027.683599385
2021-11-30,00:00:00,1.12887,1.13828,1.12349,1.13367,160120.64523343
2021-12-01,00:00:00,1.13354,1.13596,1.13025,1.13188,118041.190167114
2021-12-02,00:00:00,1.1318,1.13476,1.12953,1.13006,89596.400023669
2021-12-03,00:00:00,1.13,1.13333,1.12665,1.13117,122008.539970212
2021-12-06,00:00:00,1.13046,1.13129,1.12663,1.12832,76367.1250068266
2021-12-07,00:00:00,1.12812,1.12984,1.12275,1.12663,70296.3849894255
2021-12-08,00:00:00,1.12662,1.13547,1.12631,1.13413,84371.1940900013
2021-12-09,00:00:00,1.13411,1.13455,1.12783,1.12923,62539.8250756934
2021-12-10,00:00:00,1.12923,1.13239,1.12651,1.13146,74444.6601182893
2021-12-13,00:00:00,1.131,1.13192,1.126,1.12837,68114.0251503885
2021-12-14,00:00:00,1.12811,1.13238,1.12535,1.12579,83807.3750450835
2021-12-15,00:00:00,1.12579,1.12991,1.12215,1.1291,113081.790130146
2021-12-16,00:00:00,1.12909,1.13603,1.12811,1.13292,81935.0551631749
2021-12-17,00:00:00,1.13293,1.13488,1.1235,1.1237,74337.8626787886
2021-12-20,00:00:00,1.12371,1.13037,1.12344,1.12756,69885.2802513763
2021-12-21,00:00:00,1.12745,1.13026,1.12607,1.12823,62032.0151107833
2021-12-22,00:00:00,1.12824,1.13423,1.12644,1.13258,58347.3786600437
2021-12-23,00:00:00,1.1325,1.13422,1.129,1.13262,65917.7199506685
2021-12-24,00:00:00,1.13265,1.13433,1.13031,1.13102,200271.328666162
2021-12-27,00:00:00,1.13101,1.13344,1.13028,1.13258,40832.8666441645
2021-12-28,00:00:00,1.13255,1.13331,1.12895,1.1308,39662.1799917817
2021-12-29,00:00:00,1.1308,1.13688,1.12737,1.13459,71259.3240058534
2021-12-30,00:00:00,1.13449,1.13598,1.12984,1.13248,54239.6499698162
2021-12-31,00:00:00,1.13248,1.13863,1.13032,1.13667,50532.7399418354
2022-01-03,00:00:00,1.1369,1.13782,1.12797,1.12965,82645.6583700031
2022-01-04,00:00:00,1.12965,1.13224,1.12721,1.12861,103505.089978777
2022-01-05,00:00:00,1.12856,1.13463,1.12769,1.13116,97535.0376156494
2022-01-06,00:00:00,1.13117,1.13318,1.12845,1.12964,109459.777608436
2022-01-07,00:00:00,1.12964,1.13647,1.12899,1.13593,84891.1251381561
2022-01-10,00:00:00,1.13515,1.13602,1.12847,1.13235,92145.21351064
2022-01-11,00:00:00,1.13234,1.13752,1.1313,1.13659,67687.7002510354
2022-01-12,00:00:00,1.13659,1.14526,1.13547,1.14408,78904.5953964517
2022-01-13,00:00:00,1.14406,1.14817,1.14357,1.1454,71596.8853140101
2022-01-14,00:00:00,1.14535,1.14827,1.13984,1.1409,77216.406674087
2022-01-17,00:00:00,1.14118,1.14344,1.13917,1.14047,50064.4952272549
2022-01-18,00:00:00,1.14047,1.14214,1.13146,1.13253,89075.7003606707
2022-01-19,00:00:00,1.13253,1.13571,1.13187,1.13418,71277.0026897565
2022-01-20,00:00:00,1.13414,1.13688,1.13031,1.13096,74257.2552176714
2022-01-21,00:00:00,1.13096,1.13596,1.13009,1.13418,73924.0701911896
2022-01-24,00:00:00,1.13396,1.1345,1.12904,1.1324,101820.949313663
2022-01-25,00:00:00,1.1323,1.13289,1.12631,1.12997,83058.7243454605
2022-01-26,00:00:00,1.12995,1.13107,1.12354,1.12408,103078.041119194
2022-01-27,00:00:00,1.12408,1.12432,1.11312,1.11424,107777.889162593
2022-01-28,00:00:00,1.11432,1.11735,1.11213,1.1145,110034.459276162
2022-01-31,00:00:00,1.11422,1.12478,1.1138,1.12329,98070.939407438
2022-02-01,00:00:00,1.12319,1.12786,1.12209,1.12719,86289.4293807447
2022-02-02,00:00:00,1.12719,1.133,1.12665,1.13022,68522.2296040133
2022-02-03,00:00:00,1.13022,1.14514,1.12672,1.1437,129968.101135662
2022-02-04,00:00:00,1.14369,1.14837,1.14115,1.14477,107486.019241966
2022-02-07,00:00:00,1.14638,1.14646,1.14151,1.14421,89719.1295777857
2022-02-08,00:00:00,1.14415,1.14487,1.13961,1.14153,77771.5066825077
2022-02-09,00:00:00,1.14153,1.14477,1.14024,1.14211,66884.8716548216
2022-02-10,00:00:00,1.14214,1.14948,1.13748,1.14272,117806.259269476
2022-02-11,00:00:00,1.14267,1.14298,1.13296,1.13463,136102.078817271
2022-02-14,00:00:00,1.13369,1.1369,1.12799,1.13052,128206.382692932
2022-02-15,00:00:00,1.13043,1.13681,1.12981,1.13574,93704.1595341936
2022-02-16,00:00:00,1.13572,1.13957,1.13449,1.13718,84935.4393786564
2022-02-17,00:00:00,1.13717,1.1386,1.1323,1.13592,120024.999122478
2022-02-18,00:00:00,1.13584,1.13769,1.1314,1.13203,88604.1055412032
2022-02-21,00:00:00,1.13186,1.13905,1.13064,1.13078,79044.4340318572
2022-02-22,00:00:00,1.13074,1.13667,1.1288,1.1324,113210.659223087
2022-02-23,00:00:00,1.13229,1.13588,1.13011,1.13027,68673.2793970108
2022-02-24,00:00:00,1.13036,1.13087,1.11062,1.11914,224154.87440007
2022-02-25,00:00:00,1.11912,1.12739,1.11659,1.12719,145936.193957724
2022-02-28,00:00:00,1.11237,1.12464,1.11225,1.12181,198061.528047271
2022-03-01,00:00:00,1.12181,1.12329,1.10896,1.1124,139952.00861048
2022-03-02,00:00:00,1.11234,1.11437,1.10573,1.11179,164881.853731453
2022-03-03,00:00:00,1.11179,1.11215,1.10334,1.10658,113142.212918781
2022-03-04,00:00:00,1.10655,1.10677,1.08856,1.09311,161912.426277965
2022-03-07,00:00:00,1.09199,1.09325,1.08059,1.08523,246815.05255837
2022-03-08,00:00:00,1.08515,1.09582,1.08489,1.08997,205756.614840642
2022-03-09,00:00:00,1.08964,1.10951,1.089,1.1074,135828.128659718
2022-03-10,00:00:00,1.10733,1.11212,1.0976,1.09849,176743.968389072
2022-03-11,00:00:00,1.09849,1.10435,1.09018,1.09099,174706.638690606
2022-03-13,00:00:00,1.09205,1.09249,1.09155,1.09178,395.699992068112
2022-03-14,00:00:00,1.09177,1.09938,1.09005,1.0944,197008.90487102
2022-03-15,00:00:00,1.09438,1.10196,1.0926,1.09492,231889.932196654
2022-03-16,00:00:00,1.09493,1.10466,1.09492,1.10311,247289.008892164
2022-03-17,00:00:00,1.10309,1.11375,1.10076,1.10911,154263.259296671
2022-03-18,00:00:00,1.1091,1.11186,1.1003,1.10492,166334.728793778
2022-03-20,00:00:00,1.10561,1.10584,1.10503,1.1051,662.941992646083
2022-03-21,00:00:00,1.10504,1.10701,1.10102,1.10186,148328.109536864
2022-03-22,00:00:00,1.10184,1.10457,1.09608,1.10285,213586.525078954
2022-03-23,00:00:00,1.10288,1.10436,1.09639,1.10072,158168.464558754
2022-03-24,00:00:00,1.10065,1.10136,1.09659,1.09964,168903.056086864
2022-03-25,00:00:00,1.0997,1.10376,1.09797,1.09805,206823.932962502
2022-03-28,00:00:00,1.09845,1.09995,1.09446,1.09838,207880.419059135
2022-03-29,00:00:00,1.09838,1.1137,1.0969,1.10855,270185.618382208
2022-03-30,00:00:00,1.10855,1.1171,1.10782,1.11582,279036.506259961
2022-03-31,00:00:00,1.11578,1.11848,1.10608,1.10662,183905.909743443
2022-04-01,00:00:00,1.1066,1.1076,1.10279,1.10427,196561.339257017
2022-04-04,00:00:00,1.10301,1.10544,1.09603,1.09696,91971.4883406013
2022-04-05,00:00:00,1.09689,1.09886,1.09,1.09033,85122.324991459
2022-04-06,00:00:00,1.09033,1.09379,1.08745,1.08945,127013.848939292
2022-04-07,00:00:00,1.08945,1.09383,1.08644,1.08769,185636.828938052
2022-04-08,00:00:00,1.08768,1.08917,1.08364,1.08744,120190.627340393
2022-04-11,00:00:00,1.09202,1.09332,1.08727,1.08829,132621.103002204
2022-04-12,00:00:00,1.08829,1.09036,1.08211,1.08262,234319.399759937
2022-04-13,00:00:00,1.0826,1.08942,1.08088,1.08901,217677.898877449
2022-04-14,00:00:00,1.08901,1.09233,1.07575,1.08281,271600.449387895
2022-04-15,00:00:00,1.08282,1.08299,1.07964,1.08057,177092.743483465
2022-04-18,00:00:00,1.08029,1.08216,1.07698,1.07804,154815.48926235
2022-04-19,00:00:00,1.07809,1.08145,1.0761,1.0788,189758.015829153
2022-04-20,00:00:00,1.0788,1.0867,1.07838,1.08514,153309.559202418
2022-04-21,00:00:00,1.08505,1.09362,1.08234,1.0832,246469.257993892
2022-04-22,00:00:00,1.0832,1.08515,1.07707,1.07947,227541.089617908
2022-04-25,00:00:00,1.08041,1.08153,1.06966,1.07114,288513.673455257
2022-04-26,00:00:00,1.0711,1.07386,1.06356,1.0637,226271.472933957
2022-04-27,00:00:00,1.06367,1.06546,1.05145,1.05575,261057.226374373
2022-04-28,00:00:00,1.05575,1.05647,1.0471,1.04981,274561.908547312
2022-04-29,00:00:00,1.0498,1.05928,1.04911,1.05409,225122.216709673
2022-05-02,00:00:00,1.05444,1.05682,1.04901,1.05055,263215.531131145
2022-05-03,00:00:00,1.05055,1.05776,1.04921,1.0519,219644.978934899
2022-05-04,00:00:00,1.0519,1.06309,1.05059,1.06199,304898.077728547
2022-05-05,00:00:00,1.062,1.06417,1.04925,1.05405,314083.45857884
2022-05-06,00:00:00,1.05402,1.05988,1.04826,1.05452,397455.037557572
2022-05-09,00:00:00,1.05398,1.05924,1.04951,1.05588,247569.348577723
2022-05-10,00:00:00,1.0559,1.05852,1.05253,1.05285,232583.679964267
2022-05-11,00:00:00,1.05285,1.05771,1.05017,1.0511,319388.384757757
2022-05-12,00:00:00,1.05103,1.05292,1.03539,1.03783,358259.408500552
2022-05-13,00:00:00,1.03783,1.04195,1.03496,1.04116,152517.929467931
2022-05-16,00:00:00,1.03952,1.0443,1.03889,1.04313,189810.687756725
2022-05-17,00:00:00,1.04313,1.05556,1.04284,1.05466,253819.759626858
2022-05-18,00:00:00,1.05461,1.05636,1.04597,1.04617,133973.779328123
2022-05-19,00:00:00,1.04617,1.0607,1.04606,1.05837,273225.079796024
2022-05-20,00:00:00,1.05809,1.0599,1.05328,1.0561,189770.438466661
2022-05-23,00:00:00,1.05601,1.06973,1.05552,1.0689,229780.488469362
2022-05-24,00:00:00,1.06882,1.07485,1.06608,1.07329,160652.309167445
2022-05-25,00:00:00,1.07334,1.07388,1.06421,1.06763,173450.899548963
2022-05-26,00:00:00,1.06743,1.07315,1.06624,1.0724,157672.78385237
2022-05-27,00:00:00,1.0724,1.0765,1.06968,1.07317,141805.209235162
2022-05-30,00:00:00,1.07347,1.07867,1.07261,1.07764,133725.048927471
2022-05-31,00:00:00,1.0776,1.0779,1.06789,1.0732,242581.548784733
2022-06-01,00:00:00,1.0732,1.07393,1.06271,1.06466,177552.119440235
2022-06-02,00:00:00,1.06467,1.075,1.06444,1.07451,128093.579327084
2022-06-03,00:00:00,1.07447,1.07643,1.0704,1.07169,108561.919129401
2022-06-06,00:00:00,1.07167,1.07518,1.06838,1.06955,117926.359429259
2022-06-07,00:00:00,1.06954,1.07142,1.06519,1.07043,174315.909405001
2022-06-08,00:00:00,1.07043,1.07484,1.06713,1.07157,146848.78969235
2022-06-09,00:00:00,1.07158,1.07738,1.0611,1.06146,244884.08945094
2022-06-10,00:00:00,1.06146,1.06422,1.05057,1.05137,193859.308804259
2022-06-13,00:00:00,1.0513,1.05201,1.03997,1.04058,286688.983722756
2022-06-14,00:00:00,1.04068,1.04846,1.0397,1.04144,251425.358333223
2022-06-15,00:00:00,1.04144,1.05077,1.0359,1.04416,391258.885258608
2022-06-16,00:00:00,1.04416,1.06014,1.03808,1.05463,331755.398229055
2022-06-17,00:00:00,1.05455,1.05605,1.04444,1.04934,284803.038366742
2022-06-20,00:00:00,1.04731,1.05458,1.04729,1.05084,161557.681307696
2022-06-21,00:00:00,1.05085,1.05824,1.05065,1.053,173370.059508957
2022-06-22,00:00:00,1.053,1.06057,1.04687,1.05645,238807.6389791
2022-06-23,00:00:00,1.05645,1.0581,1.04826,1.05208,296727.350340849
2022-06-24,00:00:00,1.05208,1.05712,1.0512,1.05519,155980.349046692
2022-06-27,00:00:00,1.05479,1.0615,1.05457,1.0582,205448.329316892
2022-06-28,00:00:00,1.05821,1.06061,1.05032,1.05174,270205.299156792
2022-06-29,00:00:00,1.05174,1.05354,1.04352,1.04398,294463.898167029
2022-06-30,00:00:00,1.04398,1.04887,1.03824,1.04831,276715.448846448
2022-07-01,00:00:00,1.04829,1.04853,1.03658,1.04262,172655.973570995
2022-07-04,00:00:00,1.04174,1.04627,1.04142,1.04201,158564.548942305
2022-07-05,00:00:00,1.04201,1.04485,1.0235,1.02645,291751.248234227
2022-07-06,00:00:00,1.02645,1.02765,1.01614,1.01797,267658.199191026
2022-07-07,00:00:00,1.01801,1.02209,1.01439,1.01568,118630.423206586
2022-07-08,00:00:00,1.01604,1.01912,1.0072,1.01822,225527.208986752
2022-07-11,00:00:00,1.01697,1.01834,1.00336,1.00379,297096.120373262
2022-07-12,00:00:00,1.00378,1.00738,0.99999,1.00347,341943.707193486
2022-07-13,00:00:00,1.0035,1.01222,0.99979,1.00555,389352.676131018
2022-07-14,00:00:00,1.00555,1.00597,0.99521,1.00165,483497.556792885
2022-07-15,00:00:00,1.00158,1.00979,1.00068,1.00821,266141.447918802
2022-07-18,00:00:00,1.00811,1.02011,1.00785,1.01413,227303.348731577
2022-07-19,00:00:00,1.01412,1.0269,1.01195,1.02251,285239.758751623
2022-07-20,00:00:00,1.02251,1.02729,1.01553,1.01771,218648.398747385
2022-07-21,00:00:00,1.01767,1.02781,1.01531,1.02285,297733.568743795
2022-07-22,00:00:00,1.02286,1.02553,1.01297,1.02119,327772.282374866
2022-07-25,00:00:00,1.02083,1.02578,1.01784,1.02176,315631.288749695
2022-07-26,00:00:00,1.02189,1.025,1.01074,1.01145,257356.08841306
2022-07-27,00:00:00,1.01138,1.02206,1.00966,1.01955,263732.368244544
2022-07-28,00:00:00,1.01935,1.02343,1.01138,1.01966,297891.608573109
2022-07-29,00:00:00,1.0196,1.02542,1.0146,1.02248,437017.569168612
2022-08-01,00:00:00,1.02098,1.02751,1.02053,1.02607,532039.733418562
2022-08-02,00:00:00,1.02607,1.02939,1.01633,1.01652,637944.060170418
2022-08-03,00:00:00,1.01648,1.02102,1.01226,1.01643,627251.455888286
2022-08-04,00:00:00,1.01642,1.02537,1.01542,1.0244,472123.70933257
2022-08-05,00:00:00,1.02441,1.0252,1.01415,1.01825,388706.529382296
2022-08-08,00:00:00,1.01726,1.02217,1.0159,1.01946,229087.009924471
2022-08-09,00:00:00,1.01946,1.02472,1.01885,1.02126,243217.259483106
2022-08-10,00:00:00,1.02126,1.03685,1.0202,1.02988,407071.618791819
2022-08-11,00:00:00,1.02987,1.03642,1.02752,1.0319,503953.247594684
2022-08-12,00:00:00,1.0317,1.03274,1.0238,1.0259,414339.598333739
2022-08-15,00:00:00,1.02551,1.02682,1.01544,1.01592,395829.338250235
2022-08-16,00:00:00,1.01592,1.01948,1.01225,1.01702,424265.377937727
2022-08-17,00:00:00,1.01702,1.02029,1.01453,1.01797,436431.63724678
2022-08-18,00:00:00,1.0178,1.01929,1.00795,1.00868,390562.567354321
2022-08-19,00:00:00,1.0087,1.00954,1.00318,1.00326,387656.299864126
2022-08-22,00:00:00,1.00366,1.00466,0.9926,0.99427,429239.397196315
2022-08-23,00:00:00,0.99427,1.00181,0.99002,0.99688,519809.485739447
2022-08-24,00:00:00,0.99686,0.99993,0.99099,0.99642,476065.216266885
2022-08-25,00:00:00,0.99641,1.00334,0.9949,0.99737,484589.825959943
2022-08-26,00:00:00,0.99739,1.00898,0.99463,0.99623,445527.216689378
2022-08-29,00:00:00,0.99657,1.00291,0.99141,0.99958,419726.387305513
2022-08-30,00:00:00,0.99943,1.00547,0.99818,1.00129,543464.52562435
2022-08-31,00:00:00,1.00128,1.0079,0.99712,1.00522,552375.855469733
2022-09-01,00:00:00,1.00525,1.00557,0.99107,0.99431,537707.905465931
2022-09-02,00:00:00,0.99429,1.00335,0.99427,0.99515,552292.466264881
2022-09-05,00:00:00,0.99285,0.9944,0.98772,0.99285,399017.659071637
2022-09-06,00:00:00,0.99245,0.99862,0.98638,0.99029,621330.053986954
2022-09-07,00:00:00,0.9903,1.00108,0.98756,1.00033,524516.025711194
2022-09-08,00:00:00,0.99989,1.00294,0.99303,0.99959,522124.326935053
2022-09-09,00:00:00,0.9995,1.01131,0.99949,1.00425,356663.889927797
2022-09-12,00:00:00,1.01039,1.01977,1.00596,1.01214,397821.339531109
2022-09-13,00:00:00,1.01215,1.0187,0.99662,0.99671,541235.007187754
2022-09-14,00:00:00,0.99669,1.00234,0.99554,0.99791,643459.521665052
2022-09-15,00:00:00,0.99791,1.00177,0.99556,0.99959,491565.446941018
2022-09-16,00:00:00,0.99981,1.00363,0.99448,1.00146,506777.146635294
2022-09-19,00:00:00,1.00072,1.00291,0.99657,1.00215,389192.956829764
2022-09-20,00:00:00,1.00216,1.00504,0.9955,0.99706,410189.249744341
2022-09-21,00:00:00,0.99706,0.9975,0.98128,0.98368,659387.226725666
2022-09-22,00:00:00,0.98365,0.99074,0.9808,0.98342,785093.664612845
2022-09-23,00:00:00,0.98327,0.98517,0.9668,0.96885,725076.48341734
2022-09-26,00:00:00,0.96666,0.97098,0.95503,0.96085,1029844.65093959
2022-09-27,00:00:00,0.96077,0.96707,0.95689,0.95931,683525.414523169
2022-09-28,00:00:00,0.9592,0.97508,0.95357,0.97323,973091.062272862
2022-09-29,00:00:00,0.97322,0.98158,0.96353,0.98146,702366.81393256
2022-09-30,00:00:00,0.98148,0.98537,0.97346,0.98013,588286.88994167
2022-10-03,00:00:00,0.97933,0.98445,0.97525,0.98248,706603.714266293
2022-10-04,00:00:00,0.98248,0.99995,0.9806,0.99852,597033.256067969
2022-10-05,00:00:00,0.99841,0.99947,0.98346,0.98821,533194.201175284
2022-10-06,00:00:00,0.98795,0.99264,0.9788,0.97896,713915.523572646
2022-10-07,00:00:00,0.97902,0.98167,0.97259,0.97388,671796.860677158
2022-10-10,00:00:00,0.97336,0.97531,0.96815,0.97018,496394.734875537
2022-10-11,00:00:00,0.97009,0.97745,0.96698,0.97054,773514.393259041
2022-10-12,00:00:00,0.97039,0.97346,0.96678,0.97022,763598.801713094
2022-10-13,00:00:00,0.97019,0.98057,0.96315,0.97739,796010.333056845
2022-10-14,00:00:00,0.97739,0.98086,0.9707,0.97182,807190.764075816
2022-10-17,00:00:00,0.97201,0.9852,0.97182,0.98389,637277.653757326
2022-10-18,00:00:00,0.98375,0.98734,0.98124,0.98558,562393.523990452
2022-10-19,00:00:00,0.98543,0.98721,0.97571,0.97721,683238.053232051
2022-10-20,00:00:00,0.97715,0.98454,0.97544,0.97843,707103.313262008
2022-10-21,00:00:00,0.9784,0.98689,0.97048,0.98613,902998.700723119
2022-10-24,00:00:00,0.98712,0.9899,0.98067,0.98728,926041.960907757
2022-10-25,00:00:00,0.98703,0.99768,0.98484,0.99646,670873.054086015
2022-10-26,00:00:00,0.99646,1.00885,0.99434,1.00785,653440.525520846
2022-10-27,00:00:00,1.00771,1.00934,0.99575,0.99635,613607.906498104
2022-10-28,00:00:00,0.99635,0.9998,0.99265,0.99631,633188.544049479
2022-10-30,00:00:00,0.99464,0.9958,0.99459,0.99566,385.999295428395
2022-10-31,00:00:00,0.99567,0.99656,0.98717,0.98821,472301.936229229
2022-11-01,00:00:00,0.98823,0.99539,0.98527,0.98746,405193.198483661
2022-11-02,00:00:00,0.98747,0.99757,0.98129,0.98155,582300.214454554
2022-11-03,00:00:00,0.98149,0.98394,0.97299,0.97488,597478.094914213
2022-11-04,00:00:00,0.97483,0.99664,0.97424,0.9956,644692.446176663
2022-11-07,00:00:00,0.99036,1.0034,0.99001,1.00182,609767.645892657
2022-11-08,00:00:00,1.00184,1.00963,0.99715,1.00708,512058.095733151
2022-11-09,00:00:00,1.00707,1.0088,0.99927,1.00091,629916.834048189
2022-11-10,00:00:00,1.00091,1.02218,0.99354,1.0208,692385.766009763
2022-11-11,00:00:00,1.02033,1.0364,1.0163,1.03538,673664.935565129
2022-11-14,00:00:00,1.03354,1.03584,1.02713,1.03258,643659.24690716
2022-11-15,00:00:00,1.03259,1.04808,1.02799,1.03478,850493.34575098
2022-11-16,00:00:00,1.03465,1.04384,1.03307,1.0394,833379.704780139
2022-11-17,00:00:00,1.03913,1.04065,1.03051,1.03643,604013.623109512
2022-11-18,00:00:00,1.03643,1.03959,1.03134,1.03235,550951.823390462
2022-11-21,00:00:00,1.03227,1.0333,1.02227,1.02387,571711.972838596
2022-11-22,00:00:00,1.02383,1.03082,1.02375,1.03036,505365.563383788
2022-11-23,00:00:00,1.03026,1.04048,1.02963,1.03942,587041.395522557
2022-11-24,00:00:00,1.03914,1.04484,1.03816,1.04071,459735.596611738
2022-11-25,00:00:00,1.04071,1.04291,1.03546,1.03926,475977.735750273
2022-11-28,00:00:00,1.03716,1.04967,1.033,1.03385,460942.116398416
2022-11-29,00:00:00,1.03373,1.03942,1.03197,1.0328,663756.313499384
2022-11-30,00:00:00,1.0328,1.04285,1.029,1.04041,747723.262645833
2022-12-01,00:00:00,1.04041,1.05336,1.03929,1.05209,778319.436790496
2022-12-02,00:00:00,1.05156,1.05448,1.0428,1.05325,700301.43539495
2022-12-05,00:00:00,1.05303,1.05948,1.048,1.04877,576823.264036275
2022-12-06,00:00:00,1.04877,1.05326,1.04591,1.04629,607939.992664218
2022-12-07,00:00:00,1.0462,1.05496,1.04431,1.05029,587272.563453048
2022-12-08,00:00:00,1.05011,1.05647,1.04895,1.0554,527222.3451441
2022-12-09,00:00:00,1.0554,1.05881,1.05027,1.05316,523533.834408298
2022-12-12,00:00:00,1.05264,1.058,1.05057,1.05352,434381.686044201
2022-12-13,00:00:00,1.05355,1.06731,1.05278,1.06323,496474.536401369
2022-12-14,00:00:00,1.06323,1.0695,1.06187,1.06811,537605.547685966
2022-12-15,00:00:00,1.06793,1.07361,1.05921,1.06256,532980.545957558
2022-12-16,00:00:00,1.0625,1.0663,1.05839,1.05839,469569.217207283
2022-12-19,00:00:00,1.05895,1.06578,1.05757,1.06062,366451.608223572
2022-12-20,00:00:00,1.06062,1.06584,1.05788,1.06232,587564.236134276
2022-12-21,00:00:00,1.06231,1.06455,1.05901,1.06035,398637.677509822
2022-12-22,00:00:00,1.06035,1.06593,1.0573,1.05954,388216.277132809
2022-12-23,00:00:00,1.05954,1.06328,1.05867,1.06172,385247.227138378
2022-12-26,00:00:00,1.06114,1.06361,1.05979,1.06361,46219.8596400842
2022-12-27,00:00:00,1.0636,1.06694,1.06113,1.06393,283970.148181506
2022-12-28,00:00:00,1.06398,1.06742,1.06065,1.06117,345736.88705866
2022-12-29,00:00:00,1.06113,1.06902,1.06092,1.06608,322639.247705609
2022-12-30,00:00:00,1.06605,1.07131,1.06385,1.07026,399350.29487434
2023-01-02,00:00:00,1.0697,1.07087,1.06499,1.06646,123288.508779161
2023-01-03,00:00:00,1.06646,1.06833,1.05194,1.05466,522640.196505979
2023-01-04,00:00:00,1.05461,1.06354,1.05403,1.06008,434973.258370169
2023-01-05,00:00:00,1.06006,1.06314,1.05148,1.05202,458032.977339245
2023-01-06,00:00:00,1.05195,1.0648,1.04823,1.06413,443293.19830922
2023-01-09,00:00:00,1.06406,1.07605,1.06381,1.07293,409619.027958348
2023-01-10,00:00:00,1.07293,1.07592,1.07119,1.07322,409977.177833751
2023-01-11,00:00:00,1.07322,1.07762,1.07254,1.07561,395602.84816315
2023-01-12,00:00:00,1.07559,1.08668,1.07297,1.08516,642740.196580529
2023-01-13,00:00:00,1.08476,1.08679,1.07803,1.08302,493930.518020295
2023-01-16,00:00:00,1.08288,1.08741,1.08013,1.08192,288228.378308535
2023-01-17,00:00:00,1.08196,1.08693,1.07744,1.07872,497831.276105814
2023-01-18,00:00:00,1.07872,1.08873,1.07661,1.07935,368761.35823378
2023-01-19,00:00:00,1.07928,1.08398,1.07821,1.08308,215923.739449665
2023-01-20,00:00:00,1.08267,1.08587,1.08022,1.08549,160665.278950654
2023-01-23,00:00:00,1.08678,1.09267,1.08461,1.08713,184941.156657442
2023-01-24,00:00:00,1.0871,1.08978,1.08349,1.08848,311497.138119727
2023-01-25,00:00:00,1.08848,1.09236,1.08571,1.09147,396228.44700294
2023-01-26,00:00:00,1.09146,1.09293,1.08505,1.08916,371966.107534513
2023-01-27,00:00:00,1.08918,1.09001,1.08377,1.08649,306558.558601633
2023-01-30,00:00:00,1.08643,1.09137,1.08389,1.08488,205875.766186923
2023-01-31,00:00:00,1.08488,1.08747,1.08019,1.08621,309125.268063441
2023-02-01,00:00:00,1.0861,1.10009,1.0852,1.09886,449863.176643059
2023-02-02,00:00:00,1.09883,1.10327,1.08851,1.0909,490186.376864418
2023-02-03,00:00:00,1.09086,1.09399,1.07924,1.07929,515611.256957769
2023-02-06,00:00:00,1.0782,1.07987,1.07092,1.0725,373691.272215568
2023-02-07,00:00:00,1.07251,1.07664,1.0669,1.07248,504043.296299964
2023-02-08,00:00:00,1.07247,1.07607,1.07092,1.07099,332973.648160093
2023-02-09,00:00:00,1.07099,1.07907,1.07093,1.07368,349965.578389697
2023-02-10,00:00:00,1.07367,1.07525,1.06661,1.06754,409045.197815351
2023-02-13,00:00:00,1.06808,1.07297,1.06553,1.0721,319305.088959932
2023-02-14,00:00:00,1.0721,1.08044,1.07066,1.07362,544323.042381816
2023-02-15,00:00:00,1.07361,1.07443,1.06604,1.0688,417986.237319246
2023-02-16,00:00:00,1.06871,1.07222,1.06544,1.06722,472890.217501938
2023-02-17,00:00:00,1.06728,1.06982,1.06126,1.06929,413943.763515674
2023-02-20,00:00:00,1.06849,1.07044,1.06701,1.06841,227634.878777973
2023-02-21,00:00:00,1.06839,1.0698,1.06372,1.06449,432810.626850873
2023-02-22,00:00:00,1.06438,1.06638,1.05989,1.06031,390224.998330392
2023-02-23,00:00:00,1.06031,1.06275,1.05769,1.05949,381024.997450568
2023-02-24,00:00:00,1.05934,1.06141,1.05359,1.0545,473599.566493057
2023-02-27,00:00:00,1.05451,1.06198,1.05328,1.06085,330360.377849206
2023-02-28,00:00:00,1.06088,1.06451,1.05727,1.05727,308715.388764359
2023-03-01,00:00:00,1.05727,1.06913,1.05651,1.06668,474583.579828896
2023-03-02,00:00:00,1.06672,1.06726,1.05764,1.05957,430523.447785467
2023-03-03,00:00:00,1.05957,1.06384,1.05882,1.06337,368533.788287595
2023-03-06,00:00:00,1.06228,1.06942,1.06219,1.06808,337357.428300589
2023-03-07,00:00:00,1.06808,1.06943,1.0546,1.05491,465319.506465957
2023-03-08,00:00:00,1.05491,1.05738,1.05241,1.0543,399141.237094343
2023-03-09,00:00:00,1.05416,1.0591,1.05378,1.05791,353371.167170167
2023-03-10,00:00:00,1.05791,1.07004,1.05738,1.06387,581331.516299106
2023-03-12,00:00:00,1.06808,1.06968,1.0674,1.0694,1354.35999246687
2023-03-13,00:00:00,1.0694,1.07484,1.065,1.07275,788462.835993491
2023-03-14,00:00:00,1.07276,1.07494,1.06787,1.07312,586283.625495642
2023-03-15,00:00:00,1.0731,1.07597,1.05158,1.05766,675808.314847194
2023-03-16,00:00:00,1.0578,1.06353,1.0551,1.06125,614130.58544448
2023-03-17,00:00:00,1.06122,1.06852,1.06101,1.06647,340289.022971004
2023-03-19,00:00:00,1.06885,1.06886,1.06812,1.06818,330.099993169308
2023-03-20,00:00:00,1.06821,1.07309,1.06311,1.07195,475217.355609238
2023-03-21,00:00:00,1.07198,1.07886,1.07038,1.07674,411543.336369418
2023-03-22,00:00:00,1.07674,1.09124,1.0759,1.08578,456403.586269788
2023-03-23,00:00:00,1.08578,1.09296,1.0824,1.08325,520435.217414096
2023-03-24,00:00:00,1.08335,1.08385,1.07131,1.07566,550823.696308114
2023-03-27,00:00:00,1.07752,1.08001,1.07449,1.07975,345122.886933595
2023-03-28,00:00:00,1.07977,1.08485,1.07948,1.08438,329059.647991344
2023-03-29,00:00:00,1.08438,1.08713,1.08177,1.08436,309888.098897092
2023-03-30,00:00:00,1.0843,1.09262,1.08235,1.09052,286801.84885025
2023-03-31,00:00:00,1.09053,1.09257,1.08368,1.08386,354696.297211528
2023-04-03,00:00:00,1.08398,1.09165,1.07882,1.09,350146.548290484
2023-04-04,00:00:00,1.09,1.09733,1.08828,1.09545,372286.077143565
2023-04-05,00:00:00,1.09545,1.09695,1.0891,1.09044,338804.767520115
2023-04-06,00:00:00,1.09044,1.09375,1.08845,1.09196,277558.18836952
2023-04-07,00:00:00,1.09196,1.0924,1.08762,1.09029,86736.689337492
2023-04-10,00:00:00,1.0898,1.09171,1.08313,1.08597,202977.57826855
2023-04-11,00:00:00,1.08597,1.09279,1.08581,1.0912,308107.617656536
2023-04-12,00:00:00,1.0912,1.10004,1.09095,1.09915,330235.777696915
2023-04-13,00:00:00,1.09914,1.10676,1.09767,1.10461,298527.267925031
2023-04-14,00:00:00,1.10461,1.10758,1.09722,1.09922,344588.917927548
2023-04-17,00:00:00,1.09888,1.09997,1.09091,1.09268,298650.287475444
2023-04-18,00:00:00,1.09268,1.09828,1.09222,1.09708,271340.367969409
2023-04-19,00:00:00,1.09708,1.0984,1.09172,1.0954,325187.877749257
2023-04-20,00:00:00,1.0954,1.09895,1.09334,1.09671,336259.557294302
2023-04-21,00:00:00,1.09665,1.09936,1.0938,1.09874,332161.577759787
2023-04-24,00:00:00,1.09913,1.105,1.09658,1.10455,297221.947848991
2023-04-25,00:00:00,1.10447,1.1067,1.09641,1.09718,341138.58761736
2023-04-26,00:00:00,1.09708,1.10952,1.09668,1.10384,395578.267678432
2023-04-27,00:00:00,1.1038,1.10634,1.0992,1.10273,347871.998308763
2023-04-28,00:00:00,1.10266,1.10449,1.09624,1.10144,422419.327838957
2023-05-01,00:00:00,1.1024,1.10355,1.09643,1.09741,252200.597933657
2023-05-02,00:00:00,1.09741,1.10078,1.09422,1.09989,351097.268258035
2023-05-03,00:00:00,1.09989,1.10916,1.09989,1.10599,393073.01781895
2023-05-04,00:00:00,1.10599,1.10917,1.0986,1.1012,466309.377094671
2023-05-05,00:00:00,1.1012,1.10477,1.09667,1.10162,340025.488163061
2023-05-08,00:00:00,1.10209,1.10535,1.10001,1.10031,250228.778495863
2023-05-09,00:00:00,1.10021,1.10054,1.0941,1.09605,277791.488699354
2023-05-10,00:00:00,1.09605,1.10068,1.09414,1.09816,320544.918140352
2023-05-11,00:00:00,1.09816,1.09981,1.09,1.09153,368694.407846689
2023-05-12,00:00:00,1.09154,1.09354,1.08476,1.08477,277814.868463539
2023-05-15,00:00:00,1.0861,1.08908,1.08453,1.08738,264235.408705808
2023-05-16,00:00:00,1.08731,1.09046,1.0855,1.08617,329812.11798314
2023-05-17,00:00:00,1.08617,1.08736,1.08102,1.08379,328666.528162032
2023-05-18,00:00:00,1.08379,1.08479,1.07624,1.07693,315491.248181477
2023-05-19,00:00:00,1.0769,1.08287,1.076,1.08019,365972.437765144
2023-05-22,00:00:00,1.08043,1.08313,1.07955,1.0812,330220.278049268
2023-05-23,00:00:00,1.08117,1.08204,1.07601,1.07688,337807.257727072
2023-05-24,00:00:00,1.07685,1.08012,1.0748,1.07492,377911.340032205
2023-05-25,00:00:00,1.0749,1.07567,1.07073,1.07246,361512.667499818
2023-05-26,00:00:00,1.07243,1.07585,1.07018,1.07227,341625.907813773
2023-05-29,00:00:00,1.07201,1.07434,1.07054,1.07076,144307.638826951
2023-05-30,00:00:00,1.07076,1.07465,1.06725,1.07343,334700.997696519
2023-05-31,00:00:00,1.0734,1.07356,1.06352,1.06887,325311.737965316
2023-06-01,00:00:00,1.06887,1.07684,1.06617,1.07615,339843.038183711
2023-06-02,00:00:00,1.07615,1.07789,1.0705,1.07063,300236.128050253
2023-06-05,00:00:00,1.07098,1.07224,1.06744,1.07121,261184.968446948
2023-06-06,00:00:00,1.07119,1.07328,1.06669,1.06924,242623.178461984
2023-06-07,00:00:00,1.06924,1.07396,1.06682,1.06981,246215.718528956
2023-06-08,00:00:00,1.06981,1.07869,1.06966,1.07813,258548.638577886
2023-06-09,00:00:00,1.07807,1.07851,1.07428,1.07456,229898.618672334
2023-06-12,00:00:00,1.07459,1.079,1.0733,1.07566,259975.638626806
2023-06-13,00:00:00,1.07566,1.08234,1.07546,1.07929,301609.528217562
2023-06-14,00:00:00,1.07929,1.0864,1.07739,1.08282,308382.438080065
2023-06-15,00:00:00,1.08289,1.09525,1.08036,1.09448,312956.497890808
2023-06-16,00:00:00,1.09448,1.09704,1.09178,1.09376,302389.808229275
2023-06-19,00:00:00,1.09302,1.09462,1.0907,1.092,198936.688555583
2023-06-20,00:00:00,1.09201,1.09461,1.08921,1.09173,340743.708045483
2023-06-21,00:00:00,1.0917,1.09909,1.09058,1.09859,351482.638016783
2023-06-22,00:00:00,1.09859,1.10122,1.09485,1.09553,332100.878246263
2023-06-23,00:00:00,1.09548,1.09585,1.08443,1.08905,350445.097986326
2023-06-26,00:00:00,1.09042,1.092,1.08873,1.09053,272649.87855316
2023-06-27,00:00:00,1.09055,1.09766,1.09021,1.09605,330769.248420998
2023-06-28,00:00:00,1.09602,1.09627,1.08968,1.09125,350743.888244644
2023-06-29,00:00:00,1.09124,1.09414,1.08601,1.08624,343568.038744941
2023-06-30,00:00:00,1.08623,1.09317,1.08352,1.09095,370461.198783897
2023-07-03,00:00:00,1.09094,1.09339,1.08702,1.09119,285320.318826355
2023-07-04,00:00:00,1.09119,1.09163,1.08768,1.08778,163701.039297961
2023-07-05,00:00:00,1.08779,1.09078,1.08509,1.08537,287853.688897766
2023-07-06,00:00:00,1.08535,1.09006,1.08337,1.08883,400236.49778489
2023-07-07,00:00:00,1.08884,1.09731,1.08669,1.09646,362771.517660253
2023-07-10,00:00:00,1.09593,1.10014,1.09434,1.10008,312105.66831135
2023-07-11,00:00:00,1.10008,1.10269,1.09768,1.10081,303432.548659593
2023-07-12,00:00:00,1.10081,1.11403,1.10059,1.11295,368124.588498667
2023-07-13,00:00:00,1.11295,1.12278,1.11268,1.12258,353214.638537161
2023-07-14,00:00:00,1.12252,1.12448,1.12041,1.12235,344845.888551585
2023-07-17,00:00:00,1.12284,1.12487,1.12033,1.1235,220023.378573246
2023-07-18,00:00:00,1.1235,1.12756,1.12089,1.12279,345350.418065898
2023-07-19,00:00:00,1.12277,1.124,1.11742,1.11977,335597.378202327
2023-07-20,00:00:00,1.11972,1.12291,1.11184,1.11292,313853.698357604
2023-07-21,00:00:00,1.11292,1.11449,1.11079,1.11244,274363.948397882
2023-07-24,00:00:00,1.11197,1.11469,1.10602,1.10627,327290.738224395
2023-07-25,00:00:00,1.1062,1.10868,1.10207,1.10531,303172.908387423
2023-07-26,00:00:00,1.10526,1.11066,1.10377,1.10854,360328.098189428
2023-07-27,00:00:00,1.10853,1.11496,1.09658,1.09749,475552.366763018
2023-07-28,00:00:00,1.09748,1.10475,1.09435,1.10125,441299.946718782
2023-07-31,00:00:00,1.10206,1.10458,1.09934,1.09963,303044.748155214
2023-08-01,00:00:00,1.09961,1.10028,1.09523,1.09842,293012.628273726
2023-08-02,00:00:00,1.09842,1.10192,1.09178,1.09375,386229.267802373
2023-08-03,00:00:00,1.0937,1.09628,1.09122,1.0949,396160.747595742
2023-08-04,00:00:00,1.09489,1.10419,1.09349,1.10029,360303.547776081
2023-08-07,00:00:00,1.10141,1.10151,1.09654,1.1002,233889.408595443
2023-08-08,00:00:00,1.1002,1.10111,1.0929,1.09558,308234.388221741
2023-08-09,00:00:00,1.09558,1.09953,1.09519,1.09734,274325.268562965
2023-08-10,00:00:00,1.09733,1.1065,1.09673,1.098,359746.878348537
2023-08-11,00:00:00,1.09801,1.10049,1.09429,1.09433,302697.538392052
2023-08-14,00:00:00,1.09493,1.096,1.08747,1.09051,299203.588665143
2023-08-15,00:00:00,1.09051,1.09524,1.08969,1.09013,341419.778224044
2023-08-16,00:00:00,1.09018,1.09345,1.08714,1.08787,308842.118396059
2023-08-17,00:00:00,1.08783,1.0918,1.08563,1.08715,244405.818858318
2023-08-18,00:00:00,1.08714,1.08938,1.0845,1.08678,288159.818561763
2023-08-21,00:00:00,1.08672,1.09136,1.08664,1.08952,249415.978766777
2023-08-22,00:00:00,1.08952,1.09303,1.08329,1.08443,239505.2189302
2023-08-23,00:00:00,1.08443,1.08713,1.08025,1.08617,296615.928353801
2023-08-24,00:00:00,1.08614,1.08764,1.0805,1.08097,259888.868075557
2023-08-25,00:00:00,1.08098,1.08417,1.07658,1.07906,287155.287750892
2023-08-28,00:00:00,1.07957,1.08221,1.07933,1.08183,190878.218835063
2023-08-29,00:00:00,1.08183,1.08919,1.07822,1.08793,273760.538476877
2023-08-30,00:00:00,1.08789,1.09454,1.08551,1.09227,306670.218432896
2023-08-31,00:00:00,1.09227,1.09394,1.08351,1.08426,278702.97853139
2023-09-01,00:00:00,1.08429,1.08819,1.07716,1.07717,297763.518269114
2023-09-04,00:00:00,1.07748,1.08087,1.07716,1.07939,126281.139136001
2023-09-05,00:00:00,1.07939,1.07982,1.07062,1.07216,282334.338503398
2023-09-06,00:00:00,1.07214,1.07488,1.07025,1.07268,274356.998387694
2023-09-07,00:00:00,1.07268,1.07317,1.06861,1.06961,221764.338645302
2023-09-08,00:00:00,1.06962,1.07438,1.06941,1.06974,253350.428463139
2023-09-11,00:00:00,1.07147,1.07593,1.07075,1.07497,227398.46876806
2023-09-12,00:00:00,1.07497,1.07692,1.07055,1.07534,221990.218708485
2023-09-13,00:00:00,1.07529,1.07648,1.0711,1.07291,301762.30842144
2023-09-14,00:00:00,1.07287,1.07521,1.06318,1.06425,312433.508221172
2023-09-15,00:00:00,1.06421,1.06877,1.06332,1.06576,257171.089362234
2023-09-18,00:00:00,1.06588,1.06986,1.06546,1.06913,191448.699013881
2023-09-19,00:00:00,1.06912,1.0718,1.0675,1.06787,192626.429039426
2023-09-20,00:00:00,1.06785,1.07368,1.06501,1.06601,277505.528613962
2023-09-21,00:00:00,1.06598,1.06734,1.06167,1.06599,313207.988608152
2023-09-22,00:00:00,1.06599,1.06716,1.0615,1.06419,271159.488706701
2023-09-25,00:00:00,1.06513,1.06555,1.05753,1.05924,213850.138968743
2023-09-26,00:00:00,1.05923,1.0609,1.0562,1.05717,237829.178973041
2023-09-27,00:00:00,1.05714,1.0574,1.0488,1.05018,299630.81891685
2023-09-28,00:00:00,1.05017,1.05788,1.0491,1.05647,347258.34876693
2023-09-29,00:00:00,1.05645,1.06169,1.05579,1.05694,319374.148690425
2023-10-02,00:00:00,1.05672,1.05919,1.04769,1.04769,292494.218593292
2023-10-03,00:00:00,1.04769,1.04933,1.04483,1.04658,320045.668454058
2023-10-04,00:00:00,1.04656,1.05321,1.04514,1.05033,334132.668589652
2023-10-05,00:00:00,1.05033,1.05518,1.05,1.05492,295724.578510731
2023-10-06,00:00:00,1.05475,1.05999,1.04824,1.05828,385506.288448215
2023-10-09,00:00:00,1.05529,1.05742,1.05194,1.0566,232506.538647451
2023-10-10,00:00:00,1.05659,1.06198,1.05542,1.06048,380365.448091201
2023-10-11,00:00:00,1.06047,1.06346,1.05806,1.06194,328524.288358875
2023-10-12,00:00:00,1.06188,1.06397,1.05257,1.05277,289769.52832377
2023-10-13,00:00:00,1.05273,1.05584,1.04954,1.05073,308956.618206196
2023-10-16,00:00:00,1.05083,1.05627,1.05025,1.05597,224017.018550545
2023-10-17,00:00:00,1.05597,1.05948,1.05328,1.05767,281132.298547626
2023-10-18,00:00:00,1.05762,1.05941,1.05231,1.05362,284227.958432935
2023-10-19,00:00:00,1.0536,1.06163,1.05282,1.05819,368895.528335199
2023-10-20,00:00:00,1.05815,1.06035,1.05649,1.05927,270054.918705009
2023-10-23,00:00:00,1.0595,1.06779,1.05714,1.06689,267423.668757103
2023-10-24,00:00:00,1.06686,1.06942,1.0583,1.05895,273200.228728555
2023-10-25,00:00:00,1.05893,1.06067,1.05653,1.05653,246435.758706614
2023-10-26,00:00:00,1.0565,1.05691,1.05221,1.05618,285906.108621284
2023-10-27,00:00:00,1.05618,1.0597,1.05354,1.05605,224356.938884147
2023-10-29,00:00:00,1.05644,1.05749,1.05616,1.05657,960.069982796907
2023-10-30,00:00:00,1.05654,1.0625,1.05471,1.06151,230586.088846989
2023-10-31,00:00:00,1.0615,1.06748,1.05574,1.05749,317945.298752308
2023-11-01,00:00:00,1.05749,1.05806,1.05167,1.05682,372057.658165455
2023-11-02,00:00:00,1.05683,1.06675,1.05681,1.06207,289190.028594837
2023-11-03,00:00:00,1.06207,1.07467,1.06146,1.07295,281863.898740456
2023-11-06,00:00:00,1.07232,1.07562,1.07161,1.07168,206664.389015108
2023-11-07,00:00:00,1.07168,1.07221,1.0664,1.06992,243521.368774399
2023-11-08,00:00:00,1.06993,1.0716,1.06593,1.0708,226873.818855204
2023-11-09,00:00:00,1.07079,1.07254,1.06601,1.06671,278714.488910459
2023-11-10,00:00:00,1.06671,1.06927,1.0656,1.06848,229592.988988712
2023-11-13,00:00:00,1.06818,1.07061,1.0665,1.06975,186435.62924666
2023-11-14,00:00:00,1.06975,1.08875,1.06928,1.08784,297108.048623979
2023-11-15,00:00:00,1.08784,1.08858,1.08315,1.08461,275682.368817627
2023-11-16,00:00:00,1.08461,1.08955,1.083,1.08517,258753.151179492
2023-11-17,00:00:00,1.08517,1.09148,1.08247,1.09138,264539.418474272
2023-11-20,00:00:00,1.09095,1.09517,1.08974,1.09394,231766.598613285
2023-11-21,00:00:00,1.09394,1.09651,1.09001,1.09101,267929.748424843
2023-11-22,00:00:00,1.091,1.09229,1.08522,1.08881,291505.948426589
2023-11-23,00:00:00,1.08875,1.09303,1.08834,1.09037,157936.769053988
2023-11-24,00:00:00,1.09037,1.09486,1.08949,1.09341,179730.178917229
2023-11-27,00:00:00,1.09438,1.09592,1.09251,1.09531,247247.278699495
2023-11-28,00:00:00,1.09528,1.10088,1.09344,1.09918,292988.808140934
2023-11-29,00:00:00,1.09918,1.10171,1.09601,1.09686,319533.618253581
2023-11-30,00:00:00,1.09681,1.09838,1.08794,1.08865,337012.317835674
2023-12-01,00:00:00,1.08854,1.09127,1.08287,1.08788,347294.658024922
2023-12-04,00:00:00,1.08771,1.08948,1.0804,1.08356,317343.588078544
2023-12-05,00:00:00,1.08351,1.08474,1.07781,1.07954,334079.618087493
2023-12-06,00:00:00,1.0795,1.08047,1.07586,1.07636,270475.398519784
2023-12-07,00:00:00,1.07631,1.08175,1.07552,1.07933,347903.22831884
2023-12-08,00:00:00,1.07931,1.08005,1.07236,1.07592,373164.458138682
2023-12-11,00:00:00,1.07592,1.07789,1.07415,1.0764,234800.448821679
2023-12-12,00:00:00,1.0764,1.08279,1.07586,1.07937,277701.818574287
2023-12-13,00:00:00,1.07937,1.08965,1.07731,1.08728,335861.438032277
2023-12-14,00:00:00,1.08728,1.10092,1.08707,1.09915,481233.207407154
2023-12-15,00:00:00,1.09915,1.10036,1.08885,1.08922,369453.307736494
2023-12-18,00:00:00,1.08973,1.09311,1.0892,1.09228,246699.498680271
2023-12-19,00:00:00,1.09228,1.09873,1.09148,1.09805,284395.588241957
2023-12-20,00:00:00,1.09808,1.09843,1.09298,1.09412,258474.648292623
2023-12-21,00:00:00,1.09394,1.10125,1.09352,1.10109,349694.048109464
2023-12-22,00:00:00,1.10109,1.10401,1.09938,1.10135,358103.278068565
2023-12-25,00:00:00,1.10108,1.10202,1.09933,1.10097,3071.90992311388
2023-12-26,00:00:00,1.10009,1.1045,1.10009,1.10417,184338.968892455
2023-12-27,00:00:00,1.10417,1.11226,1.10286,1.11044,205345.858727641
2023-12-28,00:00:00,1.11047,1.11394,1.10552,1.10603,270263.098596774
2023-12-29,00:00:00,1.10595,1.10842,1.10339,1.10374,302025.148173295
2024-01-02,00:00:00,1.10427,1.10447,1.09383,1.09396,275504.47846099
2024-01-03,00:00:00,1.09396,1.09654,1.08929,1.09206,325839.788464114
2024-01-04,00:00:00,1.09206,1.09721,1.0916,1.09441,281583.748523541
2024-01-05,00:00:00,1.09441,1.09984,1.08767,1.09392,364017.808057629
2024-01-08,00:00:00,1.09386,1.09788,1.09226,1.09495,252835.698429018
2024-01-09,00:00:00,1.09495,1.09663,1.09103,1.09307,272008.318406366
2024-01-10,00:00:00,1.09307,1.09729,1.09228,1.09722,256562.958464019
2024-01-11,00:00:00,1.09722,1.1,1.09302,1.09717,423350.817934252
2024-01-12,00:00:00,1.09715,1.09868,1.09359,1.09483,314253.988209032
2024-01-15,00:00:00,1.0948,1.09675,1.09335,1.09494,188341.898694821
2024-01-16,00:00:00,1.09494,1.0951,1.0862,1.08745,408474.337045595
2024-01-17,00:00:00,1.08744,1.08844,1.08445,1.08818,337014.467369132
2024-01-18,00:00:00,1.08816,1.09067,1.08466,1.08757,370673.287978999
2024-01-19,00:00:00,1.08757,1.08983,1.08656,1.0896,264191.065976284
2024-01-22,00:00:00,1.08906,1.09094,1.088,1.08819,226375.878741316
2024-01-23,00:00:00,1.08816,1.09162,1.08215,1.0853,282335.638442568
2024-01-24,00:00:00,1.08529,1.09323,1.08446,1.08844,359888.777227648
2024-01-25,00:00:00,1.08843,1.09018,1.08216,1.0846,364646.118041396
2024-01-26,00:00:00,1.08449,1.08854,1.08128,1.08504,294033.18800465
2024-01-29,00:00:00,1.08468,1.085,1.07958,1.08323,225301.808475547
2024-01-30,00:00:00,1.08307,1.08573,1.08119,1.08447,288135.018211313
2024-01-31,00:00:00,1.08446,1.08874,1.07949,1.0818,447179.776945181
2024-02-01,00:00:00,1.0818,1.08748,1.07799,1.08712,416652.52745834
2024-02-02,00:00:00,1.08712,1.08974,1.07804,1.07849,351299.30779954
2024-02-05,00:00:00,1.07854,1.07861,1.07231,1.07418,276607.938423656
2024-02-06,00:00:00,1.07418,1.07623,1.07225,1.0754,275336.998614483
2024-02-07,00:00:00,1.07539,1.07838,1.07492,1.07704,294281.458746947
2024-02-08,00:00:00,1.07704,1.07889,1.07416,1.07769,258271.428541653
2024-02-09,00:00:00,1.07767,1.07951,1.07621,1.07821,266707.3483686
2024-02-12,00:00:00,1.07767,1.08055,1.07559,1.07706,203527.80905173
2024-02-13,00:00:00,1.07702,1.07985,1.07005,1.07079,295153.278502919
2024-02-14,00:00:00,1.0708,1.07344,1.06949,1.0725,256077.888798252
2024-02-15,00:00:00,1.0725,1.07847,1.07246,1.07718,303177.178297289
2024-02-16,00:00:00,1.07718,1.07874,1.07319,1.07749,265062.91851268
2024-02-19,00:00:00,1.07718,1.07894,1.07621,1.07785,125898.359290943
2024-02-20,00:00:00,1.0777,1.08387,1.07615,1.08072,277626.528616376
2024-02-21,00:00:00,1.08071,1.08243,1.07899,1.08181,242877.86853493
2024-02-22,00:00:00,1.08182,1.08882,1.08026,1.08222,238746.789510645
2024-02-23,00:00:00,1.08221,1.08395,1.08117,1.08174,180521.969172373
2024-02-26,00:00:00,1.08318,1.08597,1.08126,1.08504,154522.009263352
2024-02-27,00:00:00,1.08504,1.08659,1.0833,1.08437,133720.86930877
2024-02-28,00:00:00,1.08437,1.08465,1.07966,1.08375,186249.669182323
2024-02-29,00:00:00,1.08376,1.08558,1.07958,1.08046,249925.208829187
2024-03-01,00:00:00,1.08046,1.08432,1.07981,1.08368,217534.538878947
2024-03-04,00:00:00,1.08359,1.08667,1.0835,1.08549,146366.80931849
2024-03-05,00:00:00,1.08549,1.0876,1.08403,1.0856,168052.399527341
2024-03-06,00:00:00,1.0856,1.09153,1.08421,1.0898,194031.784059815
2024-03-07,00:00:00,1.0898,1.09491,1.08678,1.09477,203033.798746988
2024-03-08,00:00:00,1.09472,1.09812,1.09183,1.09348,226956.258731939
2024-03-10,00:00:00,1.09411,1.09411,1.09375,1.09393,1025.02998220921
2024-03-11,00:00:00,1.09393,1.0948,1.09145,1.09258,182318.469013669
2024-03-12,00:00:00,1.0926,1.09438,1.09023,1.09258,265486.959062159
2024-03-13,00:00:00,1.09258,1.09638,1.09201,1.09489,228590.179056056
2024-03-14,00:00:00,1.09488,1.09547,1.08806,1.0885,250137.159005411
2024-03-15,00:00:00,1.08851,1.08996,1.0873,1.08869,187136.989049517
2024-03-17,00:00:00,1.08905,1.08905,1.08819,1.08886,862.749983429909
2024-03-18,00:00:00,1.08885,1.09061,1.08661,1.08725,150021.129155815
2024-03-19,00:00:00,1.08726,1.08765,1.08347,1.08649,185764.639373764
2024-03-20,00:00:00,1.08653,1.09229,1.08364,1.09206,218460.909494571
2024-03-21,00:00:00,1.09206,1.09426,1.08554,1.08605,191738.779253647
2024-03-22,00:00:00,1.08609,1.08679,1.08017,1.08065,185376.339077428
2024-03-24,00:00:00,1.08068,1.08104,1.08068,1.08075,219.089995354414
2024-03-25,00:00:00,1.08074,1.08424,1.08021,1.08365,141454.239235952
2024-03-26,00:00:00,1.08364,1.08643,1.08242,1.08317,148773.019461334
2024-03-27,00:00:00,1.0833,1.0839,1.08108,1.08258,146052.219385184
2024-03-28,00:00:00,1.08259,1.0827,1.07751,1.07893,178189.75926587
2024-03-29,00:00:00,1.07892,1.08051,1.07678,1.07898,191770.179217048
2024-04-01,00:00:00,1.07882,1.07987,1.07309,1.0743,128586.151783653
2024-04-02,00:00:00,1.07428,1.0779,1.07246,1.07691,190505.309183985
2024-04-03,00:00:00,1.07691,1.08368,1.0764,1.08356,196512.459305882
2024-04-04,00:00:00,1.08356,1.08765,1.08312,1.08367,195826.309282206
2024-04-05,00:00:00,1.08361,1.08479,1.07913,1.08352,247445.878985062
2024-04-08,00:00:00,1.08347,1.08621,1.08208,1.08587,168742.359275214
2024-04-09,00:00:00,1.08587,1.0885,1.08477,1.08569,167601.869188055
2024-04-10,00:00:00,1.08562,1.08665,1.07288,1.07421,267213.908854745
2024-04-11,00:00:00,1.07421,1.07564,1.06992,1.07254,240390.059054196
2024-04-12,00:00:00,1.07252,1.07293,1.06226,1.06385,203569.919180945
2024-04-15,00:00:00,1.06352,1.06651,1.06202,1.06241,231450.008942328
2024-04-16,00:00:00,1.06233,1.06535,1.0601,1.06187,280995.468881004
2024-04-17,00:00:00,1.06187,1.06796,1.0606,1.0672,193039.668873176
2024-04-18,00:00:00,1.06719,1.069,1.06413,1.06431,175850.469188474
2024-04-19,00:00:00,1.06423,1.06775,1.06104,1.06526,289818.278750531
2024-04-22,00:00:00,1.06495,1.06706,1.06239,1.06541,133653.169362068
2024-04-23,00:00:00,1.06541,1.07112,1.06385,1.07002,181586.959181122
2024-04-24,00:00:00,1.07004,1.07142,1.06779,1.06985,148491.179336369
2024-04-25,00:00:00,1.06985,1.07402,1.06783,1.07291,187295.69944676
2024-04-26,00:00:00,1.07291,1.07527,1.06738,1.06911,181390.679253303
2024-04-29,00:00:00,1.06898,1.07337,1.06898,1.07205,235272.578992434
2024-04-30,00:00:00,1.07202,1.07353,1.06647,1.06653,208090.799213693
2024-05-01,00:00:00,1.06643,1.07326,1.06494,1.07119,216534.339089498
2024-05-02,00:00:00,1.07104,1.07302,1.06742,1.07243,216321.49937126
2024-05-03,00:00:00,1.07244,1.08124,1.07227,1.07594,239551.489309266
2024-05-06,00:00:00,1.076,1.07907,1.07553,1.07672,124871.739374474
2024-05-07,00:00:00,1.07667,1.07873,1.07478,1.07547,142388.699371494
2024-05-08,00:00:00,1.07538,1.07574,1.0735,1.07479,128711.139486037
2024-05-09,00:00:00,1.07477,1.07844,1.07239,1.0782,151910.189525381
2024-05-10,00:00:00,1.0782,1.079,1.07603,1.07694,126560.309393458
2024-05-13,00:00:00,1.07721,1.08068,1.07658,1.07888,116520.799544103
2024-05-14,00:00:00,1.07897,1.08256,1.07669,1.08176,122651.249478333
2024-05-15,00:00:00,1.08175,1.0886,1.0813,1.08843,156975.519312486
2024-05-16,00:00:00,1.08842,1.08949,1.08544,1.08665,142283.219388865
2024-05-17,00:00:00,1.08665,1.08784,1.08356,1.08674,113571.769469969
2024-05-20,00:00:00,1.08664,1.08844,1.0854,1.08565,110928.529517628
2024-05-21,00:00:00,1.08562,1.08747,1.08425,1.08535,155301.439210601
2024-05-22,00:00:00,1.08531,1.08633,1.08174,1.08224,162598.019018292
2024-05-23,00:00:00,1.08221,1.0861,1.08048,1.08146,180682.389291592
2024-05-24,00:00:00,1.08145,1.08578,1.08054,1.0846,122332.599429466
2024-05-27,00:00:00,1.0845,1.08674,1.08405,1.08571,83913.1896029636
2024-05-28,00:00:00,1.08571,1.0889,1.08521,1.08563,162346.849224932
2024-05-29,00:00:00,1.08562,1.08604,1.07999,1.08011,168653.749237239
2024-05-30,00:00:00,1.08007,1.08451,1.07883,1.08316,182951.339363858
2024-05-31,00:00:00,1.08316,1.08822,1.08112,1.0845,187378.129146293
2024-06-03,00:00:00,1.08462,1.09045,1.08278,1.09039,173037.589123935
2024-06-04,00:00:00,1.09039,1.0916,1.0859,1.08789,185910.739151873
2024-06-05,00:00:00,1.08785,1.08915,1.08544,1.08682,154210.709336802
2024-06-06,00:00:00,1.08681,1.0902,1.08619,1.08878,154429.579240859
2024-06-07,00:00:00,1.08873,1.09018,1.07993,1.08017,229113.939388186
2024-06-10,00:00:00,1.07783,1.07814,1.07327,1.07648,167044.949220352
2024-06-11,00:00:00,1.07642,1.07734,1.07194,1.07403,178959.279389687
2024-06-12,00:00:00,1.07404,1.08521,1.07346,1.08087,296848.218887307
2024-06-13,00:00:00,1.08076,1.08163,1.07328,1.07368,211321.50954555
2024-06-14,00:00:00,1.07361,1.07449,1.06676,1.07025,245934.86916621
2024-06-17,00:00:00,1.07028,1.07378,1.06863,1.07339,186912.799184926
2024-06-18,00:00:00,1.07336,1.07615,1.07099,1.07397,163263.539338507
2024-06-19,00:00:00,1.07397,1.07533,1.07248,1.07422,96032.9994436726
2024-06-20,00:00:00,1.07422,1.07487,1.07016,1.07016,171930.569434673
2024-06-21,00:00:00,1.07014,1.07205,1.0671,1.06918,194767.609363817
2024-06-24,00:00:00,1.06849,1.07463,1.06837,1.07319,136518.899465881
2024-06-25,00:00:00,1.07316,1.07441,1.06906,1.07139,141692.029314294
2024-06-26,00:00:00,1.07136,1.07179,1.0666,1.06799,179590.189378731
2024-06-27,00:00:00,1.06798,1.07264,1.0677,1.07031,190793.07938312
2024-06-28,00:00:00,1.07031,1.07246,1.06852,1.07119,229181.899278827
2024-07-01,00:00:00,1.07438,1.07763,1.07197,1.07402,220000.119269997
2024-07-02,00:00:00,1.07393,1.07471,1.071,1.07446,185099.289431371
2024-07-03,00:00:00,1.07443,1.08168,1.07363,1.07868,185440.309473105
2024-07-04,00:00:00,1.07853,1.08138,1.07833,1.08101,92023.1896478757
2024-07-05,00:00:00,1.08101,1.08426,1.07993,1.0837,206646.609303504
2024-07-08,00:00:00,1.08014,1.0845,1.07998,1.0823,200834.809430055
2024-07-09,00:00:00,1.0824,1.08333,1.08054,1.08127,189792.969585329
2024-07-10,00:00:00,1.08125,1.08305,1.08108,1.08295,163373.899607487
2024-07-11,00:00:00,1.08292,1.08999,1.08254,1.08678,248767.94915501
2024-07-12,00:00:00,1.08673,1.09113,1.08614,1.09054,228169.15940512
2024-07-15,00:00:00,1.08852,1.09222,1.08818,1.08938,217393.369062819
2024-07-16,00:00:00,1.08938,1.09054,1.08715,1.0899,215787.359066926
2024-07-17,00:00:00,1.08984,1.0948,1.0895,1.09386,247998.049417712
2024-07-18,00:00:00,1.09384,1.0941,1.08935,1.08964,229666.188760869
2024-07-19,00:00:00,1.08956,1.09017,1.08756,1.08779,206134.929425925
2024-07-22,00:00:00,1.08861,1.09027,1.0873,1.08908,201051.459363975
2024-07-23,00:00:00,1.08908,1.08967,1.08438,1.08533,187369.879627451
2024-07-24,00:00:00,1.08528,1.08664,1.08256,1.08397,230245.069480285
2024-07-25,00:00:00,1.08396,1.08699,1.08282,1.0845,272128.889062144
2024-07-26,00:00:00,1.08448,1.08681,1.0842,1.08547,170522.719298281
2024-07-29,00:00:00,1.08553,1.087,1.08028,1.08212,167502.179562002
2024-07-30,00:00:00,1.08203,1.08356,1.07982,1.08151,192559.179564141
2024-07-31,00:00:00,1.08144,1.08493,1.08019,1.08256,312679.442672387
2024-08-01,00:00:00,1.08256,1.08354,1.07774,1.07911,308639.59927164
2024-08-02,00:00:00,1.07911,1.09265,1.07818,1.09098,373796.848344781
2024-08-05,00:00:00,1.09225,1.10088,1.08923,1.09505,641722.14713902
2024-08-06,00:00:00,1.095,1.09631,1.09037,1.09313,405104.468781523
2024-08-07,00:00:00,1.09299,1.09366,1.09053,1.0922,219897.909067556
2024-08-08,00:00:00,1.0921,1.09451,1.08814,1.09181,237754.738945104
2024-08-09,00:00:00,1.09174,1.09313,1.0909,1.09167,142328.999195188
2024-08-12,00:00:00,1.09142,1.09393,1.091,1.09312,152785.159264535
2024-08-13,00:00:00,1.09303,1.09996,1.09137,1.09916,176952.77954641
2024-08-14,00:00:00,1.09916,1.10473,1.09754,1.10125,233301.379359528
2024-08-15,00:00:00,1.10124,1.10154,1.09495,1.09724,181611.889426962
2024-08-16,00:00:00,1.09713,1.10296,1.09703,1.10211,147279.799518123
2024-08-19,00:00:00,1.10265,1.10863,1.10227,1.10848,204334.899304762
2024-08-20,00:00:00,1.10843,1.11304,1.10719,1.11294,285070.329177789
2024-08-21,00:00:00,1.1129,1.1174,1.10992,1.11493,179384.228561789
2024-08-22,00:00:00,1.11491,1.11646,1.1098,1.11118,133330.959113598
2024-08-23,00:00:00,1.1111,1.12008,1.11055,1.1191,139906.259019069
2024-08-26,00:00:00,1.11854,1.12015,1.115,1.11609,187663.019110791
2024-08-27,00:00:00,1.11605,1.11905,1.11501,1.11836,170810.029230677
2024-08-28,00:00:00,1.11834,1.11852,1.1105,1.11194,189354.219089694
2024-08-29,00:00:00,1.11193,1.11399,1.10556,1.10771,240972.329169519
2024-08-30,00:00:00,1.10766,1.1095,1.10438,1.10456,271538.349318631
2024-09-02,00:00:00,1.10462,1.10773,1.10419,1.1069,139024.939291738
2024-09-03,00:00:00,1.1069,1.10727,1.10263,1.10431,249167.109046444
2024-09-04,00:00:00,1.1043,1.10951,1.10363,1.10818,214981.54915306
2024-09-05,00:00:00,1.10817,1.11197,1.10746,1.11102,236915.338915929
2024-09-06,00:00:00,1.111,1.11556,1.10656,1.10825,358841.84846551
2024-09-09,00:00:00,1.10781,1.1091,1.10335,1.10342,217506.209185332
2024-09-10,00:00:00,1.10334,1.10496,1.10151,1.10193,187411.29945977
2024-09-11,00:00:00,1.10189,1.10549,1.10019,1.10117,283547.639176719
2024-09-12,00:00:00,1.10111,1.1075,1.10055,1.10741,261309.679232642
2024-09-13,00:00:00,1.10739,1.11017,1.10703,1.10732,232826.179141425
2024-09-16,00:00:00,1.10757,1.11374,1.10743,1.11325,198704.589245014
2024-09-17,00:00:00,1.1132,1.11461,1.11109,1.11134,266594.379166059
2024-09-18,00:00:00,1.11128,1.11891,1.10966,1.11184,325889.558555916
2024-09-19,00:00:00,1.11184,1.11787,1.10683,1.11611,395787.868793905
2024-09-20,00:00:00,1.11611,1.11818,1.1136,1.11626,295326.028989688
2024-09-23,00:00:00,1.1158,1.11672,1.10831,1.11109,268545.959021665
2024-09-24,00:00:00,1.11107,1.11809,1.11033,1.11794,259713.609139062
2024-09-25,00:00:00,1.11791,1.1214,1.11215,1.11325,237079.09928783
2024-09-26,00:00:00,1.11322,1.11893,1.11257,1.11764,237149.538922623
2024-09-27,00:00:00,1.11763,1.1203,1.11248,1.11619,343292.838599697
2024-09-30,00:00:00,1.11582,1.12089,1.11136,1.11345,294813.07900326
2024-10-01,00:00:00,1.11344,1.11439,1.10458,1.10675,283940.658776037
2024-10-02,00:00:00,1.10668,1.10828,1.10325,1.1044,258039.109279476
2024-10-03,00:00:00,1.1044,1.1049,1.10082,1.10293,327826.338839658
2024-10-04,00:00:00,1.10292,1.10395,1.09512,1.09739,280396.989145674
2024-10-07,00:00:00,1.0962,1.09868,1.09542,1.09731,271191.989140958
2024-10-08,00:00:00,1.09723,1.09971,1.09608,1.09798,230656.64909406
2024-10-09,00:00:00,1.09782,1.09809,1.09362,1.09376,175445.528979465
2024-10-10,00:00:00,1.09368,1.09548,1.09,1.09286,275241.549053513
2024-10-11,00:00:00,1.09299,1.09537,1.09116,1.09353,183585.959359206
2024-10-14,00:00:00,1.0931,1.09366,1.08881,1.09082,175768.319423772
2024-10-15,00:00:00,1.09078,1.09167,1.08819,1.089,170179.639937773
2024-10-16,00:00:00,1.08883,1.09014,1.08532,1.08618,180166.699371561
2024-10-17,00:00:00,1.08611,1.08737,1.0811,1.08307,261200.189334273
2024-10-18,00:00:00,1.08308,1.08694,1.08252,1.08655,205213.179432511
2024-10-21,00:00:00,1.08605,1.08717,1.08111,1.08149,184370.369499393
2024-10-22,00:00:00,1.08149,1.0838,1.07926,1.07967,195965.10952419
2024-10-23,00:00:00,1.07964,1.08066,1.07612,1.07804,238685.229414947
2024-10-24,00:00:00,1.07804,1.08298,1.07706,1.08274,255188.189467765
2024-10-25,00:00:00,1.0827,1.08392,1.0793,1.07945,159290.869481936
2024-10-27,00:00:00,1.07933,1.07945,1.07867,1.07939,559.219988644123
2024-10-28,00:00:00,1.07938,1.08276,1.07819,1.0814,213773.859306298
2024-10-29,00:00:00,1.08143,1.08263,1.07688,1.08153,258209.449469253
2024-10-30,00:00:00,1.08153,1.08713,1.08079,1.08572,294956.989182867
2024-10-31,00:00:00,1.08581,1.08881,1.08441,1.08821,280246.839204349
2024-11-01,00:00:00,1.0882,1.09057,1.08317,1.08327,283031.059338808
2024-11-04,00:00:00,1.08778,1.09147,1.08699,1.08767,275004.639317848
2024-11-05,00:00:00,1.08757,1.09365,1.08724,1.09294,192638.329483271
2024-11-06,00:00:00,1.09235,1.09369,1.06824,1.07269,833236.953490995
2024-11-07,00:00:00,1.07271,1.08247,1.07129,1.08038,391960.938454568
2024-11-08,00:00:00,1.08038,1.08048,1.06868,1.07182,367664.888675854
2024-11-11,00:00:00,1.07093,1.07277,1.06286,1.06533,221508.378911287
2024-11-12,00:00:00,1.06534,1.06631,1.05951,1.06216,297669.569434911
2024-11-13,00:00:00,1.06208,1.0654,1.05556,1.05622,301163.34838102
2024-11-14,00:00:00,1.05617,1.05825,1.0496,1.05299,378368.889231309
2024-11-15,00:00:00,1.05299,1.0593,1.05163,1.05394,369890.00378608
2024-11-18,00:00:00,1.0528,1.06071,1.0528,1.05979,242331.459203988
2024-11-19,00:00:00,1.05979,1.0601,1.05233,1.05937,374350.239326946
2024-11-20,00:00:00,1.05931,1.06097,1.05068,1.05435,283133.109468147
2024-11-21,00:00:00,1.0543,1.05548,1.04622,1.04738,345542.809277184
2024-11-22,00:00:00,1.04735,1.04981,1.03325,1.04193,390493.428863622
2024-11-25,00:00:00,1.04806,1.05303,1.0449,1.04942,414741.269270867
2024-11-26,00:00:00,1.04928,1.05447,1.0425,1.04873,464085.268627889
2024-11-27,00:00:00,1.04868,1.05876,1.04744,1.05657,374049.539022185
2024-11-28,00:00:00,1.05654,1.05692,1.05275,1.05511,244616.589243077
2024-11-29,00:00:00,1.05511,1.05971,1.05414,1.05748,373726.798473418
2024-12-02,00:00:00,1.05711,1.05733,1.04607,1.04971,438956.858578891
2024-12-03,00:00:00,1.04966,1.0535,1.04807,1.05062,356457.518787943
2024-12-04,00:00:00,1.05065,1.05439,1.04723,1.05114,385110.678657621
2024-12-05,00:00:00,1.051,1.05896,1.05077,1.0584,308668.769033246
2024-12-06,00:00:00,1.05839,1.06298,1.05423,1.05673,330639.199308649
2024-12-09,00:00:00,1.05544,1.05944,1.0532,1.05531,267645.649318434
2024-12-10,00:00:00,1.05529,1.0568,1.04984,1.05268,257312.859566003
2024-12-11,00:00:00,1.05261,1.05393,1.04802,1.04933,330952.319134533
2024-12-12,00:00:00,1.04935,1.05308,1.04637,1.04663,243920.548567265
2024-12-13,00:00:00,1.04653,1.05241,1.04531,1.05017,181698.99876073
2024-12-16,00:00:00,1.04854,1.05247,1.04745,1.05094,211487.470976442
2024-12-17,00:00:00,1.05094,1.05343,1.0479,1.04903,149703.931613289
2024-12-18,00:00:00,1.04904,1.05127,1.03439,1.03513,191951.538669437
2024-12-19,00:00:00,1.03507,1.04222,1.03472,1.03605,274107.178310826
2024-12-20,00:00:00,1.03599,1.04474,1.03429,1.04254,277833.968834005
2024-12-23,00:00:00,1.04308,1.04452,1.03842,1.04044,215443.479201555
2024-12-24,00:00:00,1.04043,1.04098,1.03835,1.03912,147606.089138463
2024-12-25,00:00:00,1.0386,1.04106,1.0386,1.04004,965.849975429475
2024-12-26,00:00:00,1.04012,1.04301,1.03905,1.04222,144278.915404346
2024-12-27,00:00:00,1.04174,1.0444,1.04049,1.04225,227652.550689951
2024-12-30,00:00:00,1.04247,1.04583,1.03717,1.04069,220050.379126891
2024-12-31,00:00:00,1.04069,1.04243,1.0344,1.03526,171938.068997905
2025-01-02,00:00:00,1.03503,1.03756,1.02237,1.0264,211610.588837847
2025-01-03,00:00:00,1.0264,1.03099,1.02612,1.03066,132374.859196544
2025-01-06,00:00:00,1.03015,1.04367,1.02932,1.03895,238498.168662839
2025-01-07,00:00:00,1.03893,1.04343,1.03394,1.03394,262368.84866181
2025-01-08,00:00:00,1.03395,1.03575,1.02731,1.03178,314822.198600605
2025-01-09,00:00:00,1.03178,1.03214,1.02836,1.0299,206652.339550219
2025-01-10,00:00:00,1.0299,1.03118,1.02127,1.024,273483.558910891
2025-01-13,00:00:00,1.02357,1.02499,1.01772,1.02441,245830.368678302
2025-01-14,00:00:00,1.02441,1.03086,1.02371,1.03076,201204.96947559
2025-01-15,00:00:00,1.03074,1.03544,1.0259,1.0288,232051.839343905
2025-01-16,00:00:00,1.02892,1.03149,1.02604,1.0299,249607.678990282
2025-01-17,00:00:00,1.02996,1.03306,1.02652,1.0271,238340.329165138
2025-01-20,00:00:00,1.02792,1.04342,1.02663,1.04155,234213.338887267
2025-01-21,00:00:00,1.04156,1.04353,1.0342,1.04253,207856.688211448
2025-01-22,00:00:00,1.04228,1.04573,1.03921,1.04077,181604.718873329
2025-01-23,00:00:00,1.04072,1.04378,1.03719,1.04148,183224.388909616
2025-01-24,00:00:00,1.0414,1.05213,1.04115,1.04919,200751.76876469
2025-01-27,00:00:00,1.04763,1.0533,1.04539,1.04911,239440.80855868
2025-01-28,00:00:00,1.04911,1.04932,1.04137,1.04298,196946.798752412
2025-01-29,00:00:00,1.04298,1.04434,1.03822,1.04207,205898.05863516
2025-01-30,00:00:00,1.04203,1.04677,1.03861,1.03879,188984.738664165
2025-01-31,00:00:00,1.03879,1.0434,1.03496,1.03602,238077.759107567
2025-02-03,00:00:00,1.02327,1.03497,1.02103,1.03425,289252.597242311
2025-02-04,00:00:00,1.03423,1.03874,1.02721,1.03783,178857.778050564
2025-02-05,00:00:00,1.03783,1.04424,1.03696,1.04021,162302.238222443
2025-02-06,00:00:00,1.0402,1.04058,1.03523,1.03827,138360.503060117
2025-02-07,00:00:00,1.03826,1.04124,1.03049,1.0326,189760.437602997
2025-02-10,00:00:00,1.02918,1.03363,1.02839,1.03062,128387.078662694
2025-02-11,00:00:00,1.03061,1.03813,1.02919,1.03609,136030.628651202
2025-02-12,00:00:00,1.03603,1.04298,1.03168,1.03821,191943.728212737
2025-02-13,00:00:00,1.03818,1.04668,1.03727,1.04626,198769.748071134
2025-02-14,00:00:00,1.04625,1.0514,1.0447,1.04913,112182.178932831
2025-02-17,00:00:00,1.04858,1.05062,1.04667,1.0484,54280.4795109183
2025-02-18,00:00:00,1.04835,1.04862,1.0435,1.04459,73853.7046593651
2025-02-19,00:00:00,1.04453,1.04613,1.04009,1.0422,112513.088954628
2025-02-20,00:00:00,1.0422,1.05033,1.04163,1.05002,154754.162992649
2025-02-21,00:00:00,1.05001,1.05054,1.04492,1.0457,155234.447440349
2025-02-24,00:00:00,1.04706,1.05282,1.04527,1.04671,166220.44812727
2025-02-25,00:00:00,1.04671,1.05191,1.0456,1.05124,161246.148473173
2025-02-26,00:00:00,1.05116,1.05287,1.04747,1.04844,192595.296398237
2025-02-27,00:00:00,1.04843,1.04922,1.03966,1.03978,188811.818363227
2025-02-28,00:00:00,1.03974,1.04198,1.03597,1.03747,191466.288314812
2025-03-03,00:00:00,1.04032,1.05036,1.03883,1.04856,204236.878200583
2025-03-04,00:00:00,1.04849,1.06272,1.04708,1.06253,243476.377867565
2025-03-05,00:00:00,1.06254,1.07965,1.06018,1.07857,289734.56753958
2025-03-06,00:00:00,1.07854,1.08534,1.07655,1.07818,273427.447726041
2025-03-07,00:00:00,1.0782,1.08884,1.07757,1.08292,232035.477923147
2025-03-09,00:00:00,1.08312,1.08399,1.08269,1.08388,539.249988585711
2025-03-10,00:00:00,1.08388,1.08744,1.08051,1.08342,226503.057805821
2025-03-11,00:00:00,1.08341,1.09471,1.08329,1.0911,201214.76810579
2025-03-12,00:00:00,1.0911,1.09314,1.08755,1.08859,201995.198176354
2025-03-13,00:00:00,1.08858,1.0897,1.08222,1.08514,180347.938306771
2025-03-14,00:00:00,1.08514,1.09125,1.08304,1.08765,167083.448334418
2025-03-16,00:00:00,1.08766,1.08809,1.08759,1.08801,384.26999014616
2025-03-17,00:00:00,1.08809,1.09297,1.08685,1.09212,139628.49880641
2025-03-18,00:00:00,1.09211,1.09545,1.08924,1.0944,169162.67907504
2025-03-19,00:00:00,1.09437,1.09458,1.08603,1.0904,172491.858597226
2025-03-20,00:00:00,1.09041,1.09171,1.08145,1.08539,161930.098672315
2025-03-21,00:00:00,1.08545,1.08611,1.0797,1.08121,158865.288893372
2025-03-23,00:00:00,1.0813,1.08173,1.08115,1.0817,167.399995908141
2025-03-24,00:00:00,1.08167,1.08579,1.07813,1.07995,163523.778675131
2025-03-25,00:00:00,1.07994,1.083,1.07767,1.07908,178852.558844037
2025-03-26,00:00:00,1.0791,1.08025,1.07344,1.07362,138232.618651845
2025-03-27,00:00:00,1.07363,1.0821,1.07328,1.07969,139123.368613444
2025-03-28,00:00:00,1.07971,1.08447,1.07644,1.08237,125361.838700235
2025-03-31,00:00:00,1.08228,1.08492,1.07838,1.08151,172531.628347024
2025-04-01,00:00:00,1.08139,1.08299,1.07782,1.07929,137797.518595763
2025-04-02,00:00:00,1.07911,1.09242,1.078,1.0849,150623.748604074
2025-04-03,00:00:00,1.08382,1.11462,1.08047,1.1051,317104.856775954
2025-04-04,00:00:00,1.1051,1.11076,1.09242,1.09573,420252.916010827
2025-04-07,00:00:00,1.08894,1.10498,1.08792,1.09054,436325.476352811
2025-04-08,00:00:00,1.09017,1.09916,1.08886,1.09534,291609.586852059
2025-04-09,00:00:00,1.09514,1.10948,1.09132,1.09451,489855.585690178
2025-04-10,00:00:00,1.09451,1.12414,1.09427,1.11969,328073.886711448
2025-04-11,00:00:00,1.11976,1.14736,1.11888,1.13554,470533.245648541
2025-04-14,00:00:00,1.13108,1.14244,1.12956,1.13496,271667.30681859
2025-04-15,00:00:00,1.13495,1.13789,1.12639,1.12814,226805.687684245
2025-04-16,00:00:00,1.12814,1.14127,1.1279,1.13985,252814.267618187
2025-04-17,00:00:00,1.13978,1.1409,1.13349,1.13639,195711.857842878
2025-04-18,00:00:00,1.13615,1.13972,1.13578,1.13901,425493.671323791
2025-04-21,00:00:00,1.13946,1.15729,1.13925,1.15128,215864.847652398
2025-04-22,00:00:00,1.15129,1.1547,1.14172,1.14195,241816.417805471
2025-04-23,00:00:00,1.14195,1.14399,1.13077,1.13123,274650.506977148
2025-04-24,00:00:00,1.13122,1.13975,1.13109,1.13854,164931.748114496
2025-04-25,00:00:00,1.13854,1.13924,1.13155,1.13628,172921.668130189
2025-04-28,00:00:00,1.13636,1.14248,1.13292,1.14179,135101.968316279
2025-04-29,00:00:00,1.14179,1.14218,1.137,1.13855,151360.938379861
2025-04-30,00:00:00,1.13823,1.13994,1.1317,1.13274,169809.518274941
2025-05-01,00:00:00,1.13272,1.13409,1.12657,1.12878,139382.418511689
2025-05-02,00:00:00,1.12878,1.13808,1.1274,1.12946,192406.368098304
2025-05-05,00:00:00,1.12987,1.13646,1.12905,1.1313,180901.108271182
2025-05-06,00:00:00,1.13125,1.13808,1.12797,1.1367,159042.838530362
2025-05-07,00:00:00,1.13671,1.1378,1.12917,1.12998,197703.6081549
2025-05-08,00:00:00,1.12999,1.13361,1.12118,1.12254,198028.85902518
2025-05-09,00:00:00,1.12254,1.12928,1.11964,1.1246,145034.379335806
2025-05-12,00:00:00,1.119,1.12426,1.10651,1.10844,234627.727964766
2025-05-13,00:00:00,1.10845,1.11946,1.10833,1.11844,169592.008481346
2025-05-14,00:00:00,1.11844,1.12655,1.11645,1.1173,196704.878346756
2025-05-15,00:00:00,1.11694,1.12279,1.11669,1.11854,150950.808503948
2025-05-16,00:00:00,1.11862,1.12195,1.11308,1.11612,140063.508571222
2025-05-19,00:00:00,1.11749,1.12879,1.11711,1.12406,159507.053344421
2025-05-20,00:00:00,1.12373,1.12858,1.12178,1.12818,133708.369349733
2025-05-21,00:00:00,1.12814,1.13628,1.12798,1.13279,155975.32894779
2025-05-22,00:00:00,1.13274,1.13448,1.12558,1.12782,168704.219002165
2025-05-23,00:00:00,1.1278,1.13754,1.12768,1.13592,147853.109094076
2025-05-26,00:00:00,1.13617,1.14185,1.13585,1.13838,116385.189134635
2025-05-27,00:00:00,1.13837,1.14071,1.1323,1.13291,145874.91113814
2025-05-28,00:00:00,1.13242,1.13454,1.12837,1.12915,159711.519257963
2025-05-29,00:00:00,1.12914,1.13843,1.12103,1.13649,182429.159023821
2025-05-30,00:00:00,1.13647,1.13897,1.13123,1.13453,169377.438954711
2025-06-02,00:00:00,1.13439,1.14498,1.13435,1.14419,140877.988947652
2025-06-03,00:00:00,1.14383,1.14544,1.13639,1.13699,124651.129090354
2025-06-04,00:00:00,1.13693,1.14344,1.13568,1.14144,147522.248401139
2025-06-05,00:00:00,1.14143,1.14948,1.14045,1.14444,154696.378829256
2025-06-06,00:00:00,1.14438,1.14572,1.13715,1.13935,149222.979402617
2025-06-09,00:00:00,1.13952,1.14391,1.13864,1.14183,101645.829471938
2025-06-10,00:00:00,1.14183,1.14475,1.13729,1.14217,109553.819155596
2025-06-11,00:00:00,1.14207,1.14994,1.14052,1.14872,107268.369095445
2025-06-12,00:00:00,1.14854,1.16311,1.14837,1.15834,135446.148793563
2025-06-13,00:00:00,1.15807,1.16143,1.1489,1.15457,175644.618264221
2025-06-16,00:00:00,1.15309,1.16147,1.15238,1.15589,141589.988561541
2025-06-17,00:00:00,1.15589,1.15796,1.14745,1.14794,147967.178840086
2025-06-18,00:00:00,1.14794,1.153,1.14608,1.14776,151900.27863656
2025-06-19,00:00:00,1.14777,1.14999,1.14461,1.14942,101022.949029669
2025-06-20,00:00:00,1.14942,1.15439,1.14914,1.15189,108403.718986593
2025-06-23,00:00:00,1.14602,1.15814,1.14533,1.15741,162997.657910407
2025-06-24,00:00:00,1.1574,1.16417,1.1574,1.16089,139364.51885926
2025-06-25,00:00:00,1.16081,1.1665,1.15898,1.16583,96184.719294861
2025-06-26,00:00:00,1.16574,1.17449,1.16533,1.16999,111073.999120183
2025-06-27,00:00:00,1.17,1.17539,1.16806,1.17162,103014.269102089
2025-06-30,00:00:00,1.17287,1.17881,1.17075,1.17869,106252.999001354
2025-07-01,00:00:00,1.17865,1.18298,1.17611,1.18059,114888.918775499
2025-07-02,00:00:00,1.18053,1.18098,1.17467,1.17983,111936.099076882
2025-07-03,00:00:00,1.17981,1.181,1.17169,1.17564,108113.38912303
2025-07-04,00:00:00,1.1756,1.17873,1.17524,1.17719,88265.0189189687
2025-07-07,00:00:00,1.17793,1.17901,1.16868,1.17077,105242.559125841
2025-07-08,00:00:00,1.17075,1.1765,1.16825,1.17246,107540.758680359
2025-07-09,00:00:00,1.17241,1.17291,1.16895,1.172,89864.6689288244
2025-07-10,00:00:00,1.172,1.17494,1.16623,1.17002,106874.964710742
2025-07-11,00:00:00,1.16997,1.17138,1.16645,1.16852,89297.381500043
2025-07-14,00:00:00,1.16658,1.16978,1.16541,1.1664,86736.7591379434
2025-07-15,00:00:00,1.16635,1.16925,1.15927,1.16005,119735.822156534
2025-07-16,00:00:00,1.15999,1.17212,1.15623,1.16377,145112.698555619
2025-07-17,00:00:00,1.1639,1.16424,1.15566,1.15955,109163.299392
2025-07-18,00:00:00,1.15956,1.16716,1.15901,1.16207,80236.6470264122
2025-07-21,00:00:00,1.16236,1.17166,1.16145,1.16908,86763.6391038671
2025-07-22,00:00:00,1.16908,1.17607,1.16788,1.17538,75630.0690507591
2025-07-23,00:00:00,1.17537,1.17751,1.17109,1.17678,95859.4088004678
2025-07-24,00:00:00,1.17679,1.17887,1.17303,1.17465,90523.7289021909
2025-07-25,00:00:00,1.17465,1.17609,1.17028,1.17396,88115.558946237
2025-07-28,00:00:00,1.17552,1.177,1.1585,1.15876,96163.9187205657
2025-07-29,00:00:00,1.15867,1.15989,1.15188,1.15453,106258.649170913
2025-07-30,00:00:00,1.15444,1.15725,1.14008,1.1404,151421.909081906
2025-07-31,00:00:00,1.1404,1.14606,1.14014,1.14139,95529.7288199514
2025-08-01,00:00:00,1.14126,1.15969,1.13915,1.1583,153978.228166237
2025-08-04,00:00:00,1.1591,1.15963,1.15497,1.15691,104194.038634121
2025-08-05,00:00:00,1.1569,1.15876,1.15277,1.15748,97211.2889052853
2025-08-06,00:00:00,1.15741,1.16683,1.15642,1.16594,84550.4991437793
2025-08-07,00:00:00,1.16583,1.16986,1.16108,1.16646,130345.638524197
2025-08-08,00:00:00,1.16639,1.16792,1.16287,1.16368,84856.839183107
2025-08-11,00:00:00,1.16444,1.16754,1.159,1.16149,119091.509136349
2025-08-12,00:00:00,1.16145,1.16971,1.15986,1.16739,120907.728488326
2025-08-13,00:00:00,1.16739,1.17301,1.16689,1.17051,83608.1089769453
2025-08-14,00:00:00,1.17051,1.1715,1.16309,1.16473,132000.038975887
2025-08-15,00:00:00,1.1647,1.17151,1.16458,1.17026,78179.8589947447
2025-08-18,00:00:00,1.17101,1.17157,1.16561,1.16602,66520.2192542553
2025-08-19,00:00:00,1.16598,1.16928,1.1639,1.16464,66851.9392703474
2025-08-20,00:00:00,1.16459,1.16736,1.16221,1.16506,73131.7191270441
2025-08-21,00:00:00,1.16505,1.16626,1.1601,1.16052,87988.8991472945
2025-08-22,00:00:00,1.16047,1.17425,1.15828,1.17148,105485.255090922
2025-08-25,00:00:00,1.17203,1.17259,1.16028,1.16161,69791.2934656367
2025-08-26,00:00:00,1.1616,1.16652,1.16021,1.16419,116319.869422488
2025-08-27,00:00:00,1.16417,1.16475,1.1574,1.16381,96521.1294231117
2025-08-28,00:00:00,1.1638,1.16972,1.16289,1.16827,85577.0592928752
2025-08-29,00:00:00,1.16817,1.17089,1.16507,1.16826,93114.5291578025
2025-09-01,00:00:00,1.16935,1.17362,1.16845,1.17106,53348.4595001563
2025-09-02,00:00:00,1.17106,1.1718,1.16127,1.16395,157164.059355721
2025-09-03,00:00:00,1.16395,1.1682,1.16081,1.16612,124628.119416118
2025-09-04,00:00:00,1.16612,1.16694,1.16298,1.16494,86734.2893992662
2025-09-05,00:00:00,1.16493,1.17593,1.16461,1.17141,109495.179055959
2025-09-08,00:00:00,1.17111,1.17654,1.17036,1.17629,76299.1159285158
2025-09-09,00:00:00,1.1762,1.17799,1.17036,1.17078,119325.839082502
2025-09-10,00:00:00,1.17073,1.17306,1.16824,1.16946,95962.2094262093
2025-09-11,00:00:00,1.16945,1.1746,1.16589,1.17337,103639.809158564
2025-09-12,00:00:00,1.17326,1.17475,1.17013,1.17301,92969.1792345718
